,CustomerID,Recency,Frequency,Amount
0,12346,325,2,0
1,12747,22,103,4196.01
2,12748,4,4642,32034.17
3,12749,22,231,3868.2
4,12820,44,59,942.34
5,12821,95,6,92.72
6,12822,70,47,918.98
7,12823,74,5,1759.5
8,12824,29,25,397.12
9,12826,59,94,1468.12
10,12827,44,25,430.15
11,12828,112,56,1018.71
12,12829,161,12,253.05
13,12830,91,39,6748.4
14,12831,262,9,215.05
15,12832,151,27,383.03
16,12833,145,24,417.38
17,12834,309,18,312.38
18,12836,29,175,2634.66
19,12837,173,12,134.1
20,12838,181,123,753.34
21,12839,11,316,5601.5
22,12840,64,116,2714.27
23,12841,3,439,3952.12
24,12842,70,34,1118.99
25,12843,65,108,1730.01
26,12844,59,52,339.51
27,12845,267,27,354.09
28,12847,22,91,1116.45
29,12849,120,51,1159.81
30,12851,244,50,153.35
31,12852,290,20,299.75
32,12853,95,84,1881.7
33,12854,5,115,1350.4
34,12855,665,3,38.1
35,12856,18,317,2258.58
36,12857,68,46,1106.4
37,12863,52,6,504.2
38,12864,138,3,147.12
39,12867,26,551,4194.53
40,12868,8,107,1607.06
41,12870,484,2,-14.9
42,12871,84,11,380.64
43,12872,326,66,599.97
44,12873,309,4,374
45,12875,143,2,343.23
46,12877,24,154,1535.77
47,12878,18,49,841.64
48,12879,44,12,552.57
49,12881,97,7,298
50,12882,9,13,1463.04
51,12883,24,42,703.47
52,12884,0,7,309.05
53,12885,31,72,1158.27
54,12886,65,86,1351.09
55,12888,95,7,313.77
56,12890,24,82,390.17
57,12891,156,3,331
58,12893,89,34,259.52
59,12895,42,24,347.3
60,12897,37,4,216.5
61,12901,10,125,16293.1
62,12902,264,10,138.68
63,12904,18,72,559.92
64,12906,11,63,2919.81
65,12908,-1,4,246
66,12909,39,96,2128.83
67,12910,5,75,3075.04
68,12912,14,24,1662.3
69,12913,15,50,2483.63
70,12915,148,22,363.65
71,12916,138,109,3281.75
72,12917,276,2,594
73,12919,2,52,1301.44
74,12920,17,28,167.13
75,12921,4,741,16389.74
76,12922,336,28,405.38
77,12923,182,29,185.27
78,12924,0,31,1182.01
79,12925,74,45,694.05
80,12928,5,84,2062.7
81,12929,92,9,105.1
82,12930,78,27,409.9
83,12931,21,102,34290.21
84,12933,24,107,636.28
85,12935,26,130,2156.45
86,12936,17,63,1012.9
87,12937,15,120,1504.27
88,12938,25,9,114.14
89,12939,36,47,11581.8
90,12940,46,103,928.99
91,12942,131,75,700.5
92,12943,37,1,-3.75
93,12944,242,30,604.51
94,12945,288,23,462.95
95,12947,64,103,1407.29
96,12948,16,118,2053.7
97,12949,89,219,4143.02
98,12950,24,23,1843
99,12951,163,65,1042.07
100,12952,43,80,1382.84
101,12953,9,17,329.85
102,12955,16,183,4734.26
103,12956,190,19,108.07
104,12957,9,244,3979.04
105,12962,113,16,266.39
106,12963,10,96,1841.03
107,12965,30,109,781.26
108,12966,9,10,160.18
109,12967,68,33,1194.75
110,12968,112,5,135.95
111,12970,300,151,668.16
112,12971,8,308,10930.26
113,12974,197,8,144.8
114,12976,4,22,738.6
115,12977,185,9,39.24
116,12980,8,24,7092.06
117,12981,59,20,372.22
118,12982,35,34,377.2
119,12984,18,4,97.5
120,12985,28,78,1215.62
121,12987,73,30,545
122,12988,292,92,691.62
123,12989,0,68,6854.51
124,12990,120,13,409.5
125,12991,23,31,503.76
126,12993,23,27,414.76
127,12994,31,73,902.22
128,12995,77,5,200.72
129,12997,0,67,1197.94
130,12999,127,28,455.88
131,13000,106,31,534.85
132,13001,22,342,10024.18
133,13002,318,7,120.95
134,13003,32,6,149.05
135,13004,11,409,5613.43
136,13005,127,29,468.95
137,13006,56,4,81.57
138,13008,323,15,178.47
139,13011,665,3,50.55
140,13012,9,107,1341.62
141,13013,2,222,4786.99
142,13014,10,124,3365.43
143,13015,53,176,3359.56
144,13016,73,47,789.89
145,13017,300,1,204
146,13018,16,459,7272.75
147,13021,25,134,2584.4
148,13023,182,40,689.9
149,13026,24,43,936.15
150,13027,113,26,6912
151,13028,22,47,659.68
152,13029,89,10,1247.5
153,13030,11,99,1095.23
154,13032,52,75,996.52
155,13033,357,11,190.55
156,13034,54,37,642.77
157,13035,57,30,886.63
158,13037,138,48,881.07
159,13038,80,28,908.46
160,13040,181,43,676.99
161,13043,36,14,471.57
162,13044,291,33,560.47
163,13045,334,18,305.28
164,13046,89,35,649.31
165,13047,46,196,3079.1
166,13048,14,137,1849.11
167,13049,182,14,656.68
168,13050,9,422,5723.21
169,13052,34,18,348.15
170,13055,65,78,1201.96
171,13058,-1,8,271.4
172,13059,249,8,183.4
173,13060,253,15,307.53
174,13061,72,10,248.61
175,13062,337,11,346.98
176,13064,0,69,1172.16
177,13065,696,14,205.86
178,13066,24,49,430.9
179,13067,82,15,139.31
180,13068,10,2,344
181,13069,1,470,3765.11
182,13070,192,9,228.8
183,13072,266,7,177.15
184,13075,304,22,919.61
185,13077,119,112,731.77
186,13078,-1,380,12432.28
187,13079,21,6,220.1
188,13080,179,6,58.08
189,13081,11,1061,27964.48
190,13082,176,75,3595.48
191,13083,75,18,303.75
192,13085,216,29,272.38
193,13089,5,1857,57646.58
194,13090,19,161,8689.39
195,13091,21,24,319.82
196,13092,4,26,459.83
197,13093,8,170,7741.47
198,13094,21,30,1708.86
199,13095,70,6,74.4
200,13097,77,437,6093.27
201,13098,5,605,28658.88
202,13099,334,1,207.36
203,13101,234,8,101.19
204,13102,23,310,6336.29
205,13103,39,8,243.94
206,13104,46,20,1098.48
207,13106,133,2,59.5
208,13107,44,60,1524.07
209,13108,665,10,350.06
210,13109,29,50,766.84
211,13110,53,146,1458.67
212,13113,4,280,10500.1
213,13115,-1,132,2205.63
214,13116,117,31,485.19
215,13117,21,76,984.91
216,13118,19,82,1127.12
217,13120,238,1,30.6
218,13121,269,53,254.73
219,13122,183,55,922.39
220,13124,30,235,4290.08
221,13126,38,142,2056.29
222,13127,77,15,259.17
223,13130,183,2,64
224,13131,23,46,1039.3
225,13132,261,3,77.3
226,13133,36,7,109.8
227,13134,72,105,1740.63
228,13135,196,1,3096
229,13136,0,139,2545.38
230,13137,10,705,4082.65
231,13138,22,63,962.39
232,13139,16,174,5055.79
233,13140,108,46,426.22
234,13141,84,136,2385.8
235,13142,19,23,307.09
236,13144,38,3,110.95
237,13145,39,7,614.77
238,13146,26,17,238.66
239,13147,10,4,712.8
240,13148,59,347,3529.15
241,13149,14,86,1676.06
242,13151,203,75,1264.32
243,13153,241,15,486.22
244,13154,144,1,-611.86
245,13155,79,85,980.61
246,13157,5,89,1721.57
247,13158,1,79,1201.06
248,13159,50,122,1425.7
249,13160,22,4,91.8
250,13161,313,8,112.75
251,13162,38,82,1661.79
252,13165,46,42,1021.48
253,13166,309,42,446.15
254,13167,18,65,791.33
255,13168,199,133,1360.71
256,13169,152,13,712.88
257,13170,26,32,132.36
258,13171,16,48,426.81
259,13173,211,43,353.65
260,13174,16,314,3379.73
261,13176,46,72,523.13
262,13177,182,17,282.45
263,13178,26,265,5725.47
264,13182,45,11,121.18
265,13183,86,94,3957.78
266,13184,14,183,1716.95
267,13185,267,1,71.4
268,13186,31,84,1539.69
269,13187,191,37,236.02
270,13188,11,2,114.6
271,13189,18,29,260.68
272,13192,205,63,911.94
273,13193,90,29,143.43
274,13194,135,3,60.7
275,13196,11,110,1797.78
276,13198,10,229,3384.09
277,13199,10,120,9803.96
278,13200,19,46,870.09
279,13203,9,57,869.46
280,13207,2,8,250.26
281,13208,-1,150,1268.38
282,13209,89,329,5860.96
283,13210,153,22,353.48
284,13211,10,56,1413.77
285,13212,9,143,791.33
286,13213,56,92,1518.43
287,13216,267,5,333.74
288,13217,92,7,133.62
289,13218,245,5,62.64
290,13220,78,21,819.29
291,13221,240,66,847.41
292,13223,200,5,163.2
293,13224,32,109,2150.85
294,13225,60,34,5702.24
295,13226,36,16,108.21
296,13227,201,9,257.7
297,13228,81,2,358
298,13229,225,10,160.95
299,13230,59,612,2957.15
300,13232,3,207,1424.35
301,13233,74,43,605.12
302,13235,4,59,214.02
303,13236,0,39,727.27
304,13238,11,32,680.83
305,13239,261,22,329.56
306,13240,173,67,679.45
307,13242,65,13,270.4
308,13243,203,58,638.47
309,13244,122,27,121.74
310,13245,50,16,430.5
311,13246,18,143,2186.16
312,13247,17,25,501.12
313,13248,154,26,465.68
314,13249,122,23,711.41
315,13253,185,36,1030.4
316,13255,9,14,390.66
317,13256,14,1,0
318,13258,11,38,777.88
319,13259,90,87,333.9
320,13260,90,8,557.62
321,13261,268,9,944.1
322,13262,263,11,200.29
323,13263,4,1677,7674.45
324,13265,0,91,2137.66
325,13266,11,202,3698.56
326,13267,8,224,4404.44
327,13268,5,447,3300.34
328,13269,0,320,5326.77
329,13270,484,1,590
330,13271,301,101,235.72
331,13272,30,15,276.56
332,13273,113,16,138.98
333,13276,152,30,590.93
334,13277,15,8,258.4
335,13278,40,46,542.73
336,13279,78,11,126.3
337,13280,92,85,862.06
338,13282,4,40,1047.84
339,13283,29,7,93.66
340,13284,322,14,196.15
341,13285,23,187,2709.12
342,13291,155,42,364.05
343,13292,284,31,578.94
344,13294,249,54,873.74
345,13295,359,11,197.95
346,13296,137,5,87.4
347,13297,23,59,2089.85
348,13298,119,2,360
349,13299,268,5,142.5
350,13300,164,22,365.29
351,13301,103,81,618.09
352,13302,155,1,63.75
353,13304,351,21,300.42
354,13305,21,81,2000.86
355,13307,31,1,15
356,13308,22,57,1367.61
357,13309,0,107,1456.79
358,13310,28,77,1083.63
359,13311,2,26,598.57
360,13313,22,78,1555.32
361,13314,51,75,568.76
362,13316,79,88,6305.09
363,13317,94,135,2140.07
364,13318,119,20,640.76
365,13319,0,500,10664.34
366,13320,4,110,1524.7
367,13321,72,11,567.36
368,13322,17,25,199.48
369,13323,21,21,787.85
370,13324,5,77,7072.8
371,13325,81,12,675.3
372,13327,112,109,3617.57
373,13328,316,17,1308.48
374,13329,120,19,740.4
375,13330,122,53,1140.93
376,13332,14,21,350.9
377,13334,82,268,3702.42
378,13336,77,51,795.12
379,13338,124,24,431.82
380,13339,200,54,860.12
381,13340,45,134,10736.48
382,13341,260,42,775.85
383,13343,172,22,303.93
384,13344,159,119,2621.06
385,13345,128,22,377.6
386,13347,70,8,341.36
387,13348,182,14,233.76
388,13349,10,16,247.32
389,13350,16,43,910.72
390,13351,243,16,373.94
391,13352,60,27,389.28
392,13354,71,51,743.53
393,13355,92,32,674.7
394,13356,80,42,768.24
395,13357,257,90,653.25
396,13358,268,29,439.03
397,13359,29,24,431.26
398,13362,9,169,3085.49
399,13363,17,60,992.5
400,13364,71,20,-1.78E-15
401,13365,181,132,2191.22
402,13366,50,1,56.16
403,13368,191,29,623.4
404,13369,354,19,263.75
405,13370,484,44,721.32
406,13372,30,23,378.64
407,13373,60,158,3312.25
408,13375,0,38,772.9
409,13376,203,53,1019.76
410,13379,26,97,594.29
411,13381,21,173,3626.81
412,13382,250,15,222.99
413,13384,45,155,4122.28
414,13385,329,35,534.57
415,13388,62,36,627.15
416,13389,11,51,797.96
417,13390,74,13,544.08
418,13391,203,1,59.8
419,13394,32,164,2312.8
420,13395,156,21,307.72
421,13396,21,47,1325.29
422,13397,72,39,1539.18
423,13398,192,26,457.34
424,13402,245,39,621.23
425,13403,17,3,75
426,13404,34,11,252.49
427,13405,74,27,587.452
428,13408,2,501,27286.46
429,13410,24,30,988.91
430,13411,107,18,219.8
431,13414,133,24,1390.5
432,13416,43,19,712.5
433,13417,205,28,640.83
434,13418,11,314,5845.44
435,13419,152,16,221.06
436,13420,134,10,140.35
437,13421,40,105,1943.12
438,13422,51,128,2601.55
439,13425,108,78,1624.21
440,13426,10,159,3550.7
441,13427,19,29,582.6
442,13428,10,74,257.66
443,13429,10,67,1006.8
444,13430,18,54,648.69
445,13431,0,46,1269.1
446,13434,74,10,534.24
447,13435,24,103,3853.89
448,13436,119,12,196.89
449,13437,14,167,3408.06
450,13439,255,54,283.71
451,13441,91,13,296.64
452,13447,23,62,1104.23
453,13448,16,199,3570.63
454,13449,23,19,291.88
455,13450,26,71,2043.72
456,13451,4,444,3121.19
457,13452,259,2,590
458,13453,165,17,356.98
459,13455,24,53,1007.35
460,13456,17,65,1737.82
461,13458,5,394,9537.92
462,13460,49,17,183.44
463,13461,138,27,1445
464,13462,94,10,143.25
465,13464,-1,41,674.68
466,13466,100,18,297.95
467,13467,10,99,1257.46
468,13468,-1,306,5656.75
469,13470,115,10,165
470,13471,21,260,2844.62
471,13473,38,22,417.54
472,13474,236,64,252.91
473,13475,187,86,1431.78
474,13476,67,61,1092.77
475,13477,4,81,1441.53
476,13479,198,16,291
477,13481,45,112,1776.81
478,13482,232,11,184.64
479,13483,213,10,140.34
480,13484,5,8,313.8
481,13485,233,23,454.24
482,13486,78,69,1122.41
483,13487,57,34,575.4
484,13488,8,427,8910.61
485,13489,105,14,449.52
486,13491,38,86,1215.82
487,13494,341,18,316.26
488,13495,232,52,1990.12
489,13496,10,36,617.93
490,13497,309,20,321.05
491,13499,17,45,1146.96
492,13500,23,67,1136.77
493,13502,16,18,292
494,13503,71,17,216.85
495,13504,182,22,295.93
496,13506,312,29,452.82
497,13507,107,162,2479.16
498,13508,66,12,110.97
499,13509,36,44,979.72
500,13510,45,117,1785.16
501,13512,260,15,251.21
502,13513,215,10,205.1
503,13514,73,4,152.2
504,13515,72,59,891.12
505,13516,21,44,1389.41
506,13517,29,143,2109.07
507,13518,85,38,724
508,13519,50,9,110.8
509,13521,10,436,1188.72
510,13522,89,5,125.8
511,13523,46,177,3755.38
512,13524,40,27,680.18
513,13525,14,6,628.78
514,13527,30,224,2449.31
515,13529,78,15,307.76
516,13531,205,22,483.8
517,13532,181,66,210.31
518,13533,64,76,286.11
519,13534,37,342,5613.08
520,13536,9,179,3473.37
521,13538,31,25,1280.85
522,13539,85,38,605.84
523,13544,39,87,327.15
524,13546,12,98,661.29
525,13548,66,124,759.04
526,13549,2,52,916.12
527,13551,319,4,91.8
528,13552,81,121,3601.93
529,13555,73,136,4250.08
530,13557,28,34,584.06
531,13558,23,175,632.4
532,13560,300,33,180.27
533,13561,126,14,141.86
534,13562,81,82,1799.33
535,13563,84,49,777.53
536,13564,144,85,874.39
537,13565,19,38,240.22
538,13566,40,176,1012.82
539,13568,173,44,237
540,13569,17,85,467.49
541,13570,66,27,239.49
542,13571,12,341,2151.39
543,13572,205,33,1462.7
544,13573,50,26,302.7
545,13575,-1,46,732.07
546,13576,10,130,6703.3
547,13577,0,85,1658.3
548,13579,14,23,467.04
549,13581,282,10,118
550,13583,155,53,781.03
551,13584,190,24,142.4
552,13587,43,11,347
553,13588,15,180,2445.12
554,13589,14,21,379.65
555,13590,2,89,1976.12
556,13591,182,58,1117.13
557,13592,65,16,247.96
558,13593,108,129,2040.68
559,13594,52,26,396.97
560,13596,12,166,803.49
561,13598,47,41,270.83
562,13599,2,264,5042.45
563,13600,312,19,219.52
564,13601,4,99,725.22
565,13602,182,23,428.89
566,13603,26,27,164.34
567,13606,59,43,288.12
568,13607,40,98,721.47
569,13610,12,228,1278.13
570,13611,30,76,1220
571,13614,24,201,1703.15
572,13615,312,24,399.99
573,13617,3,44,544.18
574,13618,173,13,177.34
575,13621,116,19,213.85
576,13623,89,86,712.52
577,13626,339,19,257.23
578,13627,29,94,1644.18
579,13629,23,59,7792.36
580,13630,75,80,1995.68
581,13631,134,12,3021.77
582,13632,24,147,2121.7
583,13634,35,188,1655.51
584,13635,274,62,1071.03
585,13636,92,64,941.62
586,13637,52,101,841.55
587,13638,15,8,122.64
588,13639,74,40,1083.14
589,13642,126,66,451.74
590,13643,120,28,519.44
591,13644,16,148,2597.52
592,13645,31,5,252.1
593,13647,9,80,1730.22
594,13649,256,23,346.6
595,13650,0,98,1809.34
596,13651,39,6,94.2
597,13652,45,63,1095.08
598,13654,35,166,2707.33
599,13655,5,56,932.97
600,13656,164,49,379.65
601,13657,10,16,382.14
602,13658,9,112,2421.47
603,13659,197,108,1655.8
604,13662,34,58,912.08
605,13663,179,13,189.47
606,13666,60,12,84.65
607,13667,149,87,320.08
608,13668,10,501,6384.04
609,13669,50,9,218.55
610,13670,75,25,349.7
611,13672,37,16,-71.46
612,13673,18,65,438.44
613,13675,32,25,486.82
614,13678,32,16,232.6
615,13680,39,216,2233.56
616,13681,17,57,827.83
617,13682,217,3,59.5
618,13684,285,31,68.43
619,13685,45,39,3119.44
620,13686,64,8,72
621,13689,152,6,910
622,13690,29,9,172.25
623,13692,24,55,1466.87
624,13693,325,4,-32
625,13694,25,585,62985.02
626,13695,1,90,2504.13
627,13697,332,12,151.3
628,13699,155,14,308.58
629,13700,5,197,2298.1
630,13703,318,1,99.5
631,13704,-1,135,2295.31
632,13705,144,28,711.86
633,13706,68,20,330.79
634,13707,267,48,806.41
635,13708,271,51,319.98
636,13709,0,346,6289.91
637,13710,120,8,180.48
638,13711,218,13,252.06
639,13712,158,10,228.84
640,13715,191,108,1064.44
641,13716,269,21,138.28
642,13717,56,103,1432.26
643,13718,158,12,306.55
644,13719,15,60,1041.68
645,13720,116,43,799.9
646,13721,273,28,524.14
647,13722,31,86,2369.16
648,13723,187,6,199.85
649,13725,37,118,1809.81
650,13726,100,42,1079.66
651,13727,28,20,333.48
652,13728,107,63,1016.14
653,13730,135,43,752.6
654,13731,158,38,610.59
655,13732,28,33,491.86
656,13735,24,208,2772.9
657,13736,241,194,770.26
658,13737,200,30,344.07
659,13739,18,3,216.9
660,13740,240,23,350.75
661,13741,4,35,666.33
662,13742,16,323,3255.42
663,13743,0,42,1340.15
664,13744,214,72,1308.04
665,13745,32,26,291.54
666,13747,696,1,79.6
667,13748,158,28,948.25
668,13750,53,24,1647.26
669,13751,288,9,296.25
670,13752,95,76,1208.08
671,13753,287,35,741.26
672,13754,32,12,282.6
673,13755,9,343,2419.21
674,13756,18,143,5145.12
675,13758,11,117,3216.05
676,13759,71,25,659.41
677,13760,54,57,323
678,13761,50,70,1070.65
679,13762,204,14,3.55E-15
680,13763,152,17,1689.46
681,13764,70,208,1567.13
682,13767,25,399,16945.71
683,13769,59,143,2771.87
684,13771,179,120,2631.7
685,13772,181,177,1246.58
686,13774,81,22,345
687,13777,9,219,25736.5
688,13778,103,9,178.7
689,13780,170,57,360.01
690,13781,280,17,127.84
691,13782,12,115,918.28
692,13784,9,31,2462.79
693,13786,515,7,230.4
694,13787,75,31,411.8
695,13790,211,45,348.8
696,13791,43,17,1047.68
697,13792,243,13,195.55
698,13798,0,439,37305.32
699,13799,116,39,688.86
700,13800,282,33,558.32
701,13801,243,23,324.8
702,13802,138,66,3906.27
703,13803,255,17,277.07
704,13804,78,137,2730.59
705,13805,52,13,924.6
706,13806,152,10,256.38
707,13807,515,7,112.6
708,13808,46,76,1747.66
709,13819,37,36,1140.35
710,13821,144,59,385.64
711,13822,40,96,636.95
712,13823,18,40,957.66
713,13824,5,46,1698.94
714,13826,176,12,174.65
715,13827,57,93,416.55
716,13828,22,15,209.49
717,13829,359,1,-102
718,13831,16,74,2212.07
719,13832,17,4,40.95
720,13833,277,29,386.7
721,13835,25,55,834.57
722,13837,4,19,280.54
723,13838,117,174,775.85
724,13841,339,1,85
725,13842,-1,206,3385.62
726,13844,11,20,361.62
727,13845,182,9,312.98
728,13846,24,58,847.61
729,13848,122,5,1255
730,13849,51,101,1537.95
731,13850,0,94,1586.81
732,13851,214,81,2651.46
733,13853,57,24,1056.94
734,13854,0,114,8025.02
735,13856,94,17,363.4
736,13858,57,11,216.17
737,13859,326,28,217.96
738,13860,14,77,1240
739,13862,18,142,2187.31
740,13863,127,22,299.56
741,13865,-1,30,501.56
742,13866,74,7,145.67
743,13867,74,61,1131.09
744,13868,300,33,3192.54
745,13869,123,307,3173.58
746,13870,40,118,2751.25
747,13871,22,338,6389.8
748,13873,1,24,381.7
749,13874,358,18,540.45
750,13875,37,104,1786.79
751,13876,152,7,122.7
752,13877,86,3,117.24
753,13878,54,36,1301.45
754,13880,21,165,3219.77
755,13881,11,180,16989.52
756,13882,11,66,1131.28
757,13883,4,155,2538.75
758,13884,30,60,785.65
759,13885,200,28,506.8
760,13886,71,16,243.56
761,13887,204,19,349.55
762,13888,1,40,625.55
763,13889,122,15,416.9
764,13890,18,114,1860.86
765,13892,26,27,632.97
766,13893,297,21,821.1
767,13894,22,30,664.13
768,13895,21,119,2588.12
769,13897,50,17,311.16
770,13898,325,12,155.93
771,13899,16,19,388.52
772,13900,94,43,740.95
773,13901,72,149,2867.2
774,13904,294,26,332.64
775,13908,4,126,2347.05
776,13911,57,148,2580.91
777,13914,11,34,613.95
778,13917,49,18,272.04
779,13918,49,30,1212.84
780,13922,351,7,172.25
781,13923,53,20,351.13
782,13924,9,137,1682.08
783,13925,62,45,616.65
784,13926,23,11,223.85
785,13927,74,21,348.99
786,13928,10,27,464.57
787,13929,169,10,802.85
788,13930,57,17,337.34
789,13931,85,59,1230.93
790,13932,294,16,307.4
791,13933,109,23,608.79
792,13934,263,31,922.1
793,13936,171,27,361.28
794,13937,169,9,158.85
795,13938,242,7,71.66
796,13939,23,46,556.75
797,13940,17,49,839.14
798,13941,21,47,4912.41
799,13946,79,11,561.57
800,13947,213,5,90.6
801,13948,360,3,102
802,13949,24,160,2427.32
803,13950,11,36,728.56
804,13951,176,39,674.45
805,13952,4,138,3246.091
806,13953,52,20,3515.68
807,13954,57,30,378.59
808,13955,124,33,322.96
809,13956,54,152,1116.82
810,13958,665,5,-102.45
811,13959,79,92,636.82
812,13960,21,12,230.22
813,13962,21,11,169.55
814,13963,251,35,664.54
815,13967,145,2,80.7
816,13969,16,633,9124.23
817,13971,4,158,2702.22
818,13972,70,15,190.25
819,13973,287,11,264.7
820,13974,49,28,413.59
821,13975,36,340,2772.36
822,13976,206,10,357.98
823,13978,14,15,196.79
824,13979,73,54,869.87
825,13980,60,11,200.14
826,13982,39,115,1876.26
827,13983,-1,112,2608.16
828,13984,26,17,488.03
829,13985,-1,353,7028.28
830,13986,17,13,427.98
831,13988,19,239,4098.8
832,13989,213,41,1266.08
833,13990,65,16,311.3
834,13991,12,86,869.37
835,13992,89,5,76.8
836,13993,30,125,3409.66
837,13994,39,155,2474.04
838,13995,15,87,1383.49
839,13999,10,212,3865.26
840,14000,4,16,633.71
841,14001,45,40,2030.33
842,14002,134,47,529.73
843,14004,43,171,4582.64
844,14005,9,84,2874.72
845,14006,5,30,962.19
846,14009,198,44,685.93
847,14012,159,11,328.8
848,14013,97,34,473.02
849,14014,77,39,505.18
850,14015,52,20,917.34
851,14019,46,68,1398.96
852,14020,0,39,642.8
853,14021,4,22,631.9
854,14022,225,28,440
855,14023,280,31,584.07
856,14024,62,16,327.7
857,14027,60,6,104.82
858,14029,144,15,467.66
859,14030,18,243,2380.44
860,14031,21,258,14634.64
861,14032,5,152,2929.84
862,14034,22,92,524.12
863,14035,28,66,1438.17
864,14036,284,38,626.65
865,14037,176,28,147.2
866,14038,78,93,1554.48
867,14039,181,6,152.2
868,14040,8,241,3823.54
869,14041,266,21,141.41
870,14044,26,209,665.62
871,14045,109,6,1659.75
872,14046,284,14,154.99
873,14047,73,34,1290.01
874,14048,159,88,386.83
875,14049,16,505,5873.05
876,14050,106,54,746.36
877,14051,17,215,15530.44
878,14052,19,56,225.36
879,14053,154,4,385.25
880,14054,213,6,92.46
881,14055,106,10,725.64
882,14056,15,1128,8487.14
883,14057,23,291,6160
884,14059,266,8,183.6
885,14060,22,203,6135.38
886,14062,9,111,10464.85
887,14064,4,82,1291.39
888,14066,266,7,152.55
889,14067,152,52,374.7
890,14068,320,24,288.95
891,14071,5,333,1315.67
892,14073,21,14,139.54
893,14075,19,43,942.26
894,14076,304,46,135.07
895,14077,40,42,499.42
896,14078,65,65,1049.37
897,14079,154,12,375.1
898,14080,151,4,45.6
899,14081,68,156,977.37
900,14082,423,29,190.05
901,14083,36,181,1049.49
902,14085,9,451,4526.68
903,14087,150,70,235.79
904,14088,10,590,50415.49
905,14089,56,14,165.5
906,14090,324,1,76.32
907,14092,23,217,4063.1
908,14093,12,105,486.58
909,14096,11,5128,57896.86
910,14098,273,21,147.35
911,14099,16,252,3092.97
912,14100,137,26,203.65
913,14101,73,35,5976.79
914,14102,11,84,2723.83
915,14104,124,21,216.21
916,14105,85,76,1260.33
917,14107,51,124,2688.48
918,14108,89,35,594.16
919,14109,23,14,80.2
920,14110,0,157,5669.65
921,14111,5,11,688.6
922,14112,22,173,2774.17
923,14113,22,40,1377.92
924,14114,36,15,386.53
925,14116,19,72,1382.74
926,14117,143,3,90
927,14119,354,1,-19.9
928,14121,10,161,2740.3
929,14124,84,5,611.1
930,14125,10,167,2780.03
931,14126,10,16,643.63
932,14127,92,44,709.71
933,14128,60,46,637.5
934,14129,17,52,1123.86
935,14130,319,67,489.76
936,14132,2,201,3763.73
937,14133,37,30,590.34
938,14135,38,134,4690.31
939,14138,119,47,1015.38
940,14139,46,26,415.82
941,14140,21,67,920.05
942,14141,29,46,879.03
943,14142,696,22,311.81
944,14143,133,7,115.8
945,14145,46,12,3148.2
946,14146,81,245,2949.57
947,14147,49,6,468.4
948,14148,233,3,157.2
949,14149,34,40,259.43
950,14150,242,26,658.64
951,14152,75,50,611.09
952,14154,239,52,1345.62
953,14155,266,6,118.75
954,14157,19,49,420.31
955,14158,40,41,507.66
956,14159,19,1212,5061.06
957,14161,126,108,1178.39
958,14162,173,25,289.36
959,14163,63,52,2445.91
960,14164,70,29,1631.77
961,14165,97,25,134.39
962,14167,8,52,641.84
963,14171,303,58,366.28
964,14173,10,29,450.84
965,14174,181,26,134.46
966,14175,29,164,3108.06
967,14176,297,32,574
968,14177,84,43,574.36
969,14178,28,327,1698.17
970,14179,40,165,869.91
971,14180,10,248,4692.27
972,14184,243,24,452.89
973,14185,8,3,197.65
974,14188,71,71,2018.91
975,14189,9,277,4604.31
976,14191,10,263,4660.01
977,14193,269,42,853.39
978,14194,9,604,11216.75
979,14195,201,8,962.7
980,14196,106,6,335.52
981,14198,18,44,663.5
982,14199,218,2,185.4
983,14201,4,39,688.04
984,14204,150,44,201.04
985,14205,10,39,218.78
986,14206,239,21,308.26
987,14208,183,10,151.74
988,14209,10,88,2067.13
989,14210,91,103,1917.69
990,14211,53,118,2208.3
991,14212,30,9,1070.48
992,14213,637,5,-1192.2
993,14214,36,70,1000.23
994,14215,11,109,1777.92
995,14216,16,59,1839.3
996,14217,9,107,1925.36
997,14218,42,12,169.48
998,14219,211,7,89.94
999,14220,188,21,632.4
1000,14221,42,194,3427.85
1001,14222,177,41,683.17
1002,14223,122,61,975.23
1003,14224,110,118,1161.65
1004,14226,28,73,2266.32
1005,14227,26,183,3315.71
1006,14229,51,43,1450.6
1007,14231,94,54,822.06
1008,14232,42,118,2043.93
1009,14233,4,36,1447.51
1010,14234,22,159,855.77
1011,14235,10,80,3093.86
1012,14236,80,15,490.86
1013,14237,696,9,161
1014,14238,326,8,146.85
1015,14239,43,116,2323.5
1016,14240,89,42,890.34
1017,14241,94,10,213.7
1018,14242,234,16,280.55
1019,14243,91,148,2535.88
1020,14245,176,112,1677.48
1021,14246,110,75,1474.06
1022,14247,189,20,143.37
1023,14248,318,8,302.58
1024,14250,30,111,1904.05
1025,14251,10,78,2879.7
1026,14256,254,54,935.06
1027,14257,51,107,3087.27
1028,14258,9,112,12650.08
1029,14259,141,5,120
1030,14261,50,52,1163.45
1031,14262,17,143,2618.23
1032,14264,124,19,319.47
1033,14267,2,66,1279.09
1034,14270,8,29,492.65
1035,14271,225,10,112.32
1036,14272,73,33,437.96
1037,14273,35,29,559.97
1038,14276,0,75,1019.39
1039,14280,196,8,134.04
1040,14282,19,156,3785.14
1041,14284,79,34,578.45
1042,14285,21,27,1910.01
1043,14286,0,285,4595.81
1044,14287,64,11,151.23
1045,14288,34,17,413.85
1046,14289,5,47,911.26
1047,14290,11,103,2307.45
1048,14291,31,238,3873.3
1049,14292,0,108,4819.33
1050,14293,147,61,1046.56
1051,14295,38,7,154.7
1052,14297,17,64,1284.06
1053,14298,52,1640,50912.84
1054,14299,-1,162,2855.35
1055,14300,18,3,43.2
1056,14301,107,16,632.04
1057,14304,37,27,197.1
1058,14305,31,110,1803.76
1059,14306,51,35,2083.42
1060,14307,0,180,2995.72
1061,14309,28,123,2319.68
1062,14311,35,27,229.71
1063,14312,36,87,1611.59
1064,14314,106,8,120
1065,14315,21,104,2456.98
1066,14317,182,24,508.58
1067,14320,38,42,343.11
1068,14321,10,123,1530.75
1069,14323,114,41,574.26
1070,14326,35,9,166.85
1071,14327,163,12,311.65
1072,14329,17,269,5007.94
1073,14331,135,28,462.66
1074,14332,22,26,936.21
1075,14333,182,19,351.45
1076,14334,16,163,2539.46
1077,14336,16,90,1614.91
1078,14338,196,34,554.22
1079,14339,35,18,289.91
1080,14340,218,6,134.7
1081,14341,45,130,2300.4
1082,14342,21,24,607.71
1083,14344,97,71,898.78
1084,14345,332,6,108.98
1085,14346,31,60,1021.58
1086,14348,260,18,409.57
1087,14349,10,31,133.5
1088,14350,67,21,258.7
1089,14351,164,1,51
1090,14352,36,47,1185.16
1091,14353,126,6,90.6
1092,14354,89,9,163.62
1093,14355,453,11,174.4
1094,14356,60,38,666.94
1095,14357,43,41,229.41
1096,14359,19,58,882.58
1097,14360,120,118,2148.63
1098,14362,22,41,180.6
1099,14364,4,69,3717.35
1100,14367,21,533,9264.92
1101,14368,319,8,155
1102,14371,295,4,100.5
1103,14373,358,4,76.55
1104,14375,156,75,364.63
1105,14377,262,11,617.05
1106,14379,44,46,401.25
1107,14381,52,56,202.68
1108,14382,26,131,677.74
1109,14383,163,59,1247.69
1110,14385,9,14,202.11
1111,14386,296,7,142.4
1112,14387,74,140,1866.98
1113,14388,10,191,3172.04
1114,14389,32,62,999.72
1115,14390,4,291,4641.87
1116,14393,218,5,67.95
1117,14395,45,353,3671.51
1118,14396,213,73,487.99
1119,14397,3,95,2556.68
1120,14400,141,26,559.7
1121,14401,59,183,4039.98
1122,14403,141,26,1426.31
1123,14404,108,104,1488.47
1124,14406,1,8,156.75
1125,14407,107,76,2111.08
1126,14408,10,107,2726.53
1127,14409,71,55,1908.25
1128,14410,15,287,621
1129,14411,310,14,1063
1130,14412,42,45,761.33
1131,14413,362,23,126
1132,14414,91,98,1485.13
1133,14415,19,612,6018.11
1134,14416,22,14,490.22
1135,14418,25,124,1943.6
1136,14419,10,206,1094.3
1137,14420,85,30,385.87
1138,14421,4,27,813.11
1139,14422,17,222,4263.64
1140,14423,218,3,265.2
1141,14424,17,1,322.08
1142,14426,18,264,3918.9
1143,14427,50,17,363.34
1144,14428,46,148,1307.28
1145,14431,68,22,346.76
1146,14432,9,382,2290.71
1147,14434,21,12,1372.8
1148,14436,303,9,89.06
1149,14437,143,6,-43.4
1150,14438,190,9,131.9
1151,14440,42,55,2357.68
1152,14441,21,59,1545.14
1153,14443,53,98,1400.88
1154,14446,28,293,1220.45
1155,14447,18,70,1163.23
1156,14448,9,20,375.35
1157,14449,18,258,1044.32
1158,14450,3,40,483.25
1159,14451,60,109,730.6
1160,14452,10,62,286.03
1161,14453,306,22,119.93
1162,14456,22,977,3318.6
1163,14457,310,4,113.64
1164,14459,155,37,1837.92
1165,14460,110,17,383.34
1166,14461,148,180,2103.06
1167,14462,31,246,2072.56
1168,14463,170,6,529.62
1169,14465,68,130,1153.28
1170,14466,59,72,2272.4
1171,14467,17,90,606.31
1172,14470,11,43,461.19
1173,14472,63,281,2242.26
1174,14473,74,7,234.34
1175,14474,43,30,537.71
1176,14475,68,47,799.82
1177,14476,257,19,261.1
1178,14477,19,11,1307.81
1179,14479,253,18,316.25
1180,14480,11,13,279.05
1181,14481,164,30,636.51
1182,14482,18,144,2201.52
1183,14483,149,10,129.2
1184,14484,50,14,321.92
1185,14485,332,47,181.64
1186,14487,26,145,1300.98
1187,14488,51,49,1047.43
1188,14489,207,30,463.38
1189,14491,175,17,340.93
1190,14493,16,123,2362.84
1191,14494,25,7,139.56
1192,14495,50,6,123.8
1193,14496,341,19,538.81
1194,14497,37,31,457.47
1195,14498,42,193,1972.85
1196,14499,26,194,868.07
1197,14500,0,7,501.15
1198,14501,94,12,190.31
1199,14502,19,631,2527.1
1200,14503,10,164,3543.26
1201,14504,47,107,673.26
1202,14505,17,803,6244.67
1203,14506,17,316,2211.95
1204,14507,23,98,1398.78
1205,14508,22,57,300.63
1206,14511,11,71,1267.41
1207,14512,217,23,275.28
1208,14513,100,18,438.49
1209,14514,8,73,1298.9
1210,14515,17,101,2167.49
1211,14517,141,18,330.45
1212,14518,182,16,174.37
1213,14520,119,4,270.6
1214,14522,24,17,974.54
1215,14523,108,12,241.09
1216,14524,71,203,1925.88
1217,14525,19,298,4655.78
1218,14527,0,1011,7281.39
1219,14528,301,18,364.22
1220,14529,60,229,751.46
1221,14530,25,216,3061.76
1222,14532,236,64,932.85
1223,14533,24,65,1812.62
1224,14534,1,558,4410.89
1225,14535,29,333,2902.65
1226,14536,259,19,173.5
1227,14537,57,10,355.56
1228,14538,182,19,388.25
1229,14539,15,32,537.48
1230,14540,9,76,1165.06
1231,14541,-1,111,1718.1
1232,14542,156,5,103.25
1233,14543,28,107,2880.02
1234,14544,24,114,2083.25
1235,14546,40,417,2554.59
1236,14547,12,367,4157.58
1237,14548,2,4,652.8
1238,14549,341,56,289.24
1239,14550,10,48,796.87
1240,14551,18,10,186.23
1241,14552,32,58,166.77
1242,14553,19,113,860.53
1243,14554,10,216,2797.37
1244,14555,57,21,347.34
1245,14557,85,32,0
1246,14560,16,76,2174.18
1247,14561,75,69,1080.76
1248,14562,11,446,4888.47
1249,14565,113,129,3073.77
1250,14567,56,34,1524.46
1251,14569,119,12,244.64
1252,14570,250,29,218.06
1253,14572,40,273,3040.84
1254,14573,34,241,1671.97
1255,14576,665,1,35.4
1256,14577,12,123,914.91
1257,14578,180,24,168.63
1258,14581,16,17,152.35
1259,14582,40,6,114.11
1260,14583,144,330,1329.66
1261,14584,94,101,1047.66
1262,14585,50,29,157.05
1263,14586,128,27,134.16
1264,14587,8,384,1661.69
1265,14589,637,3,39.75
1266,14591,15,197,1841.21
1267,14592,56,164,598.8
1268,14593,21,152,670.54
1269,14594,300,53,422.7
1270,14595,19,102,1740.6
1271,14597,11,55,974.6
1272,14598,44,50,226.92
1273,14600,160,25,393.33
1274,14601,10,7,213.96
1275,14603,67,2,660
1276,14606,4,2782,11960.07
1277,14607,15,114,18037.1
1278,14608,59,20,1785.15
1279,14609,72,4,601.56
1280,14616,35,3,406.08
1281,14618,9,17,635.19
1282,14619,127,22,379.51
1283,14620,204,30,393.28
1284,14621,89,96,1765.76
1285,14622,125,21,320.58
1286,14623,42,135,878.15
1287,14624,29,13,225.85
1288,14625,156,57,848.48
1289,14626,23,126,2757.07
1290,14627,341,5,-21.85
1291,14628,35,24,671.96
1292,14629,47,153,956.68
1293,14631,50,41,1006.98
1294,14632,262,8,114.56
1295,14633,266,20,344.9
1296,14636,268,28,609.85
1297,14638,50,16,443.6
1298,14639,31,175,2952.34
1299,14640,15,113,2077.55
1300,14641,21,7,110.46
1301,14642,-1,2,96.12
1302,14643,170,34,685.41
1303,14644,9,29,780.46
1304,14645,97,30,597.09
1305,14647,201,30,291.69
1306,14649,34,199,1513.7
1307,14651,4,102,656.3
1308,14652,77,29,114.18
1309,14653,9,237,2001.9
1310,14655,22,50,1930.15
1311,14656,169,80,305.75
1312,14657,17,127,909.77
1313,14658,117,29,247.15
1314,14659,78,259,2487.88
1315,14660,86,30,285.74
1316,14661,26,4,107.95
1317,14662,28,168,860.38
1318,14664,19,99,666.18
1319,14665,30,117,1258.38
1320,14666,24,14,195.25
1321,14667,10,576,9540.08
1322,14669,5,170,1330.48
1323,14670,250,132,483.97
1324,14672,161,61,765.55
1325,14673,9,74,1736.4
1326,14675,16,102,684.12
1327,14676,37,44,2543.24
1328,14679,637,1,-2.55
1329,14680,25,320,26932.34
1330,14681,4,7,498.95
1331,14682,201,2,52
1332,14684,25,421,1358.7
1333,14687,106,15,628.38
1334,14688,0,359,5227.97
1335,14689,208,13,112.8
1336,14690,32,54,391.91
1337,14691,34,71,2114.33
1338,14692,137,69,625.85
1339,14693,264,8,172.9
1340,14696,1,133,2070.97
1341,14697,218,22,188.61
1342,14698,15,210,1418.38
1343,14699,95,8,109.13
1344,14700,151,115,2351.1
1345,14701,10,350,2631.31
1346,14702,18,348,3331.34
1347,14703,14,22,318.17
1348,14704,3,415,1853.92
1349,14705,198,1,179
1350,14708,124,29,1096.67
1351,14709,15,197,4911.14
1352,14710,14,139,651.63
1353,14711,10,359,2938.72
1354,14712,59,25,917.07
1355,14713,9,341,2677.53
1356,14714,24,10,160.19
1357,14715,8,71,867.38
1358,14716,43,55,401.12
1359,14719,10,238,1700.11
1360,14720,30,37,663.81
1361,14722,147,29,202.92
1362,14723,10,278,1405.17
1363,14725,24,52,906.83
1364,14727,67,10,268.58
1365,14729,696,71,328.64
1366,14730,107,501,2426.74
1367,14731,34,45,389.92
1368,14732,0,149,2686.34
1369,14733,9,216,9451.54
1370,14735,11,205,5807.69
1371,14737,180,17,1164.55
1372,14738,4,56,1289.94
1373,14739,19,61,3899.1
1374,14740,197,93,1423.21
1375,14741,11,59,1400.34
1376,14744,16,28,1088.53
1377,14745,112,70,1167.16
1378,14747,188,19,294.3
1379,14748,8,92,1311.79
1380,14752,43,5,389.64
1381,14753,87,30,563.15
1382,14754,44,41,638.05
1383,14755,9,237,4965.38
1384,14756,15,38,738.96
1385,14757,75,19,420.5
1386,14758,144,71,1484.06
1387,14759,112,102,1625.97
1388,14760,294,7,53.8
1389,14761,-1,11,255.9
1390,14762,263,21,300.52
1391,14764,43,7,250.55
1392,14765,59,39,254.11
1393,14766,65,137,2423.07
1394,14768,17,6,139.5
1395,14769,77,1094,11593.99
1396,14770,232,52,876.42
1397,14772,112,9,139.26
1398,14775,-1,60,1011.9
1399,14776,51,134,2195.58
1400,14777,211,3,-17.45
1401,14778,245,35,730.86
1402,14779,250,41,388.25
1403,14780,54,27,447.68
1404,14782,319,6,200.1
1405,14784,26,15,289.99
1406,14785,10,3,77.4
1407,14788,26,30,679.44
1408,14789,28,6,197.64
1409,14790,1,46,745.06
1410,14792,152,4,2.22E-16
1411,14793,21,15,214.14
1412,14794,9,82,1272.11
1413,14795,166,6,131.45
1414,14796,22,1165,8229.61
1415,14798,52,12,173.74
1416,14799,51,13,157.7
1417,14800,29,392,4291.77
1418,14801,90,59,204.49
1419,14803,97,44,1235.75
1420,14804,331,12,353.27
1421,14805,15,47,571.15
1422,14806,75,11,193.39
1423,14808,39,256,2349.03
1424,14810,40,255,2156.03
1425,14813,576,30,221.83
1426,14815,273,53,778.5
1427,14816,197,4,271.85
1428,14817,159,63,1110.34
1429,14818,73,48,657.8
1430,14819,182,13,272.07
1431,14820,21,29,507.29
1432,14821,484,2,48.8
1433,14823,3,70,321.43
1434,14824,10,29,1127.71
1435,14825,15,121,2267.76
1436,14828,161,17,2139.76
1437,14829,59,45,644.65
1438,14830,53,40,213.63
1439,14834,-1,70,1698.35
1440,14836,10,6,102.45
1441,14837,30,110,1641.2
1442,14840,267,4,62.85
1443,14841,29,138,3295.76
1444,14842,43,158,2456.8
1445,14844,5,130,3189.81
1446,14847,148,13,309.4
1447,14849,1,392,7904.28
1448,14850,341,22,278.15
1449,14851,23,28,511.35
1450,14852,-1,143,2836.69
1451,14853,4,10,463.05
1452,14854,67,131,2789.49
1453,14855,1,20,645.65
1454,14856,56,66,1353.08
1455,14857,29,61,1165.65
1456,14859,12,59,1352.04
1457,14860,19,12,168.62
1458,14861,52,6,125.79
1459,14862,25,48,841.2
1460,14863,59,11,266.76
1461,14865,300,4,52.2
1462,14866,10,103,14197.45
1463,14867,156,37,701.33
1464,14868,21,147,2939.64
1465,14869,103,72,735.45
1466,14870,261,13,327.25
1467,14871,178,98,569.53
1468,14873,210,28,519.68
1469,14875,9,50,1448.72
1470,14878,3,124,1514.4
1471,14880,77,47,737.39
1472,14881,19,17,255.4
1473,14882,26,11,589.7
1474,14883,4,54,756.64
1475,14885,131,15,765.32
1476,14886,339,18,364.8
1477,14887,79,6,1862
1478,14888,207,20,369.2
1479,14889,161,10,135.9
1480,14890,253,7,125.65
1481,14891,148,33,554.38
1482,14893,9,73,1237.85
1483,14894,85,23,655.75
1484,14895,40,506,11020.26
1485,14896,204,43,468.77
1486,14897,0,55,1366.38
1487,14898,23,119,1408.42
1488,14901,0,98,1456.29
1489,14902,21,24,314.11
1490,14903,21,364,2805.78
1491,14904,25,69,1025.44
1492,14905,124,18,599.9
1493,14907,23,168,3478.85
1494,14908,74,9,277.8
1495,14910,25,35,389.86
1496,14913,36,87,1227.43
1497,14915,85,13,258.83
1498,14916,70,79,1281.64
1499,14918,115,45,1610.15
1500,14920,34,57,977.77
1501,14921,89,78,1316.07
1502,14923,50,44,749.1
1503,14924,127,10,310.05
1504,14929,151,11,223.88
1505,14944,59,172,5842.95
1506,14946,14,3,100.9
1507,14947,72,14,290.82
1508,14948,23,64,1066.57
1509,14950,19,20,361.25
1510,14951,79,20,311.69
1511,14952,0,149,7912.79
1512,14953,25,55,298.12
1513,14954,12,85,502.81
1514,14957,253,12,58.49
1515,14958,127,42,531.58
1516,14959,29,61,692.47
1517,14960,171,27,262.97
1518,14961,5,317,7006.58
1519,14962,270,5,126.7
1520,14963,9,198,1630.3
1521,14964,188,13,206.21
1522,14965,244,83,611.97
1523,14966,14,38,211.67
1524,14967,49,6,463.8
1525,14968,89,37,147.59
1526,14970,137,34,1592.06
1527,14971,43,160,1201.55
1528,14972,276,18,114.77
1529,14973,107,32,1314.45
1530,14974,301,21,163.29
1531,14975,57,11,279.94
1532,14976,57,73,765.86
1533,14978,72,216,1966.52
1534,14981,158,8,102.12
1535,14984,3,41,235.07
1536,14985,198,87,311.18
1537,14987,15,4,326.4
1538,14988,4,40,334.54
1539,14995,250,61,235.73
1540,14997,0,27,540.98
1541,14998,5,75,488.49
1542,15000,47,77,493.07
1543,15002,115,115,1745.46
1544,15004,147,158,1314.02
1545,15005,15,1160,6295.14
1546,15006,51,144,661.1
1547,15007,277,12,156.91
1548,15009,12,182,1274.98
1549,15010,242,20,308.94
1550,15012,53,128,505.3
1551,15014,43,35,404.72
1552,15016,172,20,170.04
1553,15017,181,20,125.58
1554,15018,219,32,456.26
1555,15019,266,70,319.08
1556,15021,26,479,2063.72
1557,15022,11,135,1125.69
1558,15023,39,563,7053.95
1559,15024,9,155,1737.83
1560,15025,181,72,417.91
1561,15026,80,61,469
1562,15027,89,37,1137.25
1563,15028,42,48,639.63
1564,15030,71,7,518.28
1565,15031,89,111,698.04
1566,15032,256,55,4477.3
1567,15033,25,513,2813.44
1568,15034,15,400,4348.76
1569,15035,30,27,267.73
1570,15036,72,127,577.8
1571,15038,-1,133,721.59
1572,15039,9,1508,20420.68
1573,15041,170,67,184.11
1574,15042,199,5,135.93
1575,15043,120,3,537
1576,15044,5,461,8312.4
1577,15045,32,13,633.66
1578,15046,9,207,5318.21
1579,15047,269,22,343.62
1580,15048,116,98,386.67
1581,15049,36,3,121.17
1582,15050,25,80,2028.79
1583,15051,2,143,1438.76
1584,15052,319,30,240.73
1585,15053,185,71,736.13
1586,15054,12,114,305.73
1587,15057,97,25,1489.5
1588,15058,25,276,2266.97
1589,15059,40,239,1357.64
1590,15060,9,121,330.19
1591,15061,4,410,54228.74
1592,15062,71,57,987.86
1593,15063,65,5,370.8
1594,15065,164,158,3135.98
1595,15066,53,53,760.59
1596,15067,78,82,1744.76
1597,15068,46,104,553.36
1598,15069,179,70,1109.53
1599,15070,665,1,106.2
1600,15071,97,26,982.07
1601,15073,9,76,612.43
1602,15074,105,42,775.27
1603,15075,77,27,773.03
1604,15076,172,49,880.85
1605,15078,11,451,9623.35
1606,15079,34,48,893.66
1607,15081,22,35,487.35
1608,15083,256,5,88.2
1609,15087,281,15,306.94
1610,15088,21,60,1140.27
1611,15089,10,145,2420.84
1612,15090,251,23,381.32
1613,15091,53,31,476.96
1614,15092,126,26,457.81
1615,15093,18,112,4410.14
1616,15095,103,49,1364.7
1617,15096,42,11,219.39
1618,15097,211,25,248.08
1619,15098,64,5,649.5
1620,15099,84,23,410.48
1621,15100,69,6,635.1
1622,15101,191,9,310.03
1623,15103,86,35,703.36
1624,15104,166,71,1070.34
1625,15105,18,101,2298.93
1626,15106,4,102,1407.73
1627,15107,38,20,247.66
1628,15109,127,31,463.75
1629,15110,23,40,964.35
1630,15111,59,84,1567.48
1631,15113,9,101,3776.61
1632,15114,37,197,2760.56
1633,15115,18,21,340.11
1634,15116,17,45,1352.75
1635,15117,14,80,1550.13
1636,15118,134,1,244.8
1637,15119,127,14,266.4
1638,15120,133,22,343.82
1639,15121,50,28,457.72
1640,15122,85,87,1612.13
1641,15123,206,106,2199.31
1642,15124,22,15,184.19
1643,15125,25,140,11117.05
1644,15127,213,16,406.53
1645,15128,60,111,1419.54
1646,15129,50,84,3447.4
1647,15130,169,22,330.11
1648,15132,18,52,977.93
1649,15133,37,29,982.42
1650,15134,14,73,1387.99
1651,15135,233,10,127.15
1652,15136,0,69,1282.45
1653,15139,161,13,178.96
1654,15140,52,81,2350
1655,15142,46,26,498.74
1656,15143,225,14,259.45
1657,15144,-1,218,6530.04
1658,15145,43,67,1194.73
1659,15146,164,95,1313.66
1660,15147,218,29,608.65
1661,15148,10,20,301.29
1662,15149,133,23,520.8
1663,15150,17,344,5350.25
1664,15152,9,278,4684.24
1665,15153,120,22,329.25
1666,15154,74,92,321.9
1667,15156,119,55,961.49
1668,15157,123,133,1869.5
1669,15158,45,7,401.4
1670,15159,18,720,18573.68
1671,15160,357,4,158.16
1672,15163,18,29,304.47
1673,15164,208,103,905.22
1674,15165,696,27,487.75
1675,15167,320,41,171.4
1676,15168,25,5,106.56
1677,15171,8,7,1034.5
1678,15172,70,110,1624.05
1679,15174,322,11,135.75
1680,15175,71,23,224.14
1681,15178,260,3,40.5
1682,15179,18,95,2186.2
1683,15180,515,6,87.5
1684,15181,175,18,680.28
1685,15182,124,29,622.85
1686,15184,59,63,436.88
1687,15185,70,21,310.62
1688,15186,14,19,411.41
1689,15187,15,93,4670.08
1690,15189,5,232,15802.14
1691,15192,1,51,1044.32
1692,15193,60,19,499.32
1693,15194,4,326,7521.17
1694,15195,150,1,3861
1695,15197,8,36,656.44
1696,15198,122,10,193.64
1697,15199,29,13,1268.7
1698,15201,62,97,927.84
1699,15203,25,142,1827.8
1700,15204,357,9,316.58
1701,15205,85,38,648.83
1702,15206,10,9,420.3
1703,15208,29,43,867.62
1704,15210,225,20,331.18
1705,15211,60,52,894.41
1706,15212,5,7,88.95
1707,15213,318,25,325.05
1708,15214,10,110,1661.44
1709,15215,44,43,615.99
1710,15216,87,2,96.6
1711,15218,10,166,5766.77
1712,15219,176,9,305.75
1713,15220,51,119,1758.92
1714,15221,484,11,114.1
1715,15222,318,5,585
1716,15223,225,32,454.9
1717,15224,358,16,310.48
1718,15225,234,23,409.4
1719,15226,310,8,154.41
1720,15227,126,58,1219.4
1721,15228,123,126,3376.96
1722,15230,239,23,429.6
1723,15232,113,31,612.06
1724,15234,128,14,197
1725,15235,158,143,2288.51
1726,15236,298,15,321.05
1727,15237,78,99,1412.32
1728,15238,59,52,1056.54
1729,15239,10,52,764.34
1730,15240,5,83,1685.57
1731,15241,73,111,1738.59
1732,15243,74,22,316.68
1733,15244,213,34,631.57
1734,15245,134,89,2515.84
1735,15246,238,33,514.15
1736,15247,92,6,356
1737,15249,1,358,6657.36
1738,15251,2,121,10327.11
1739,15252,94,44,740.78
1740,15253,0,55,915.3
1741,15254,245,18,300.36
1742,15255,243,47,890.85
1743,15256,148,6,98.45
1744,15257,281,8,232.15
1745,15258,168,34,623.16
1746,15260,100,78,1780.77
1747,15261,135,19,254.82
1748,15262,323,10,178.95
1749,15263,106,12,156.51
1750,15264,182,23,393.74
1751,15265,32,82,1506.12
1752,15266,222,6,119.3
1753,15267,-1,11,1717.36
1754,15269,23,2,408.8
1755,15270,15,48,2298.2
1756,15271,3,275,2621.5
1757,15272,57,63,721.94
1758,15274,18,47,716.57
1759,15275,120,42,609.19
1760,15276,243,52,148.67
1761,15277,46,12,255.9
1762,15279,354,21,277.41
1763,15280,172,16,113.12
1764,15281,-1,150,2239.95
1765,15286,49,3,240.55
1766,15287,22,21,485.24
1767,15288,43,88,2306.52
1768,15289,59,59,935.1
1769,15290,42,212,7803.77
1770,15291,3,109,4596.51
1771,15292,201,25,190.24
1772,15296,34,200,3610.31
1773,15297,10,41,635.04
1774,15298,10,194,3774.1
1775,15299,37,12,3787.09
1776,15300,182,28,496.44
1777,15301,50,247,5068.92
1778,15303,290,31,574.02
1779,15304,60,26,680.3
1780,15306,122,58,1174.35
1781,15307,214,12,205.3
1782,15308,67,21,302.27
1783,15311,-1,2491,59762.63
1784,15312,75,48,921.1
1785,15313,110,1,52
1786,15314,199,24,327.97
1787,15315,106,38,551.54
1788,15316,326,1,165
1789,15318,180,33,312.62
1790,15319,340,16,204.5
1791,15320,44,36,267.13
1792,15321,49,106,2625.23
1793,15322,85,49,584.71
1794,15325,103,49,171.64
1795,15326,69,29,311.71
1796,15327,52,10,208.75
1797,15329,39,62,1005.5
1798,15330,60,13,714.96
1799,15333,208,16,1028.56
1800,15334,163,99,362.92
1801,15335,53,36,185.22
1802,15339,243,88,583.67
1803,15341,80,17,2020.52
1804,15342,116,26,391.76
1805,15343,87,21,364.5
1806,15344,23,32,476.58
1807,15345,45,23,367.69
1808,15346,38,17,252.42
1809,15347,484,5,201.6
1810,15348,72,9,158.04
1811,15349,217,72,497.01
1812,15350,696,5,115.65
1813,15351,12,233,1992.64
1814,15353,254,63,794.57
1815,15355,53,14,277.05
1816,15356,71,519,2948.33
1817,15358,0,561,8233.1
1818,15360,39,13,427.93
1819,15361,361,7,418.92
1820,15363,5,17,318.05
1821,15364,214,29,913.19
1822,15365,25,151,1330.45
1823,15366,75,44,602.51
1824,15367,57,96,1867.69
1825,15368,21,4,446.94
1826,15369,144,1,-1592.49
1827,15370,29,95,2710.35
1828,15372,137,27,2007.4
1829,15373,18,137,2290.96
1830,15374,276,3,168
1831,15376,40,117,1280.56
1832,15379,97,196,3631.89
1833,15380,46,37,1682.36
1834,15381,65,8,596.85
1835,15382,14,306,5927.86
1836,15384,169,43,635.76
1837,15385,40,12,316.88
1838,15386,186,31,394.14
1839,15389,172,1,500
1840,15392,0,85,1515.73
1841,15393,16,12,231.86
1842,15394,9,85,2183.54
1843,15395,325,7,107.45
1844,15396,112,14,288.18
1845,15397,289,6,94
1846,15398,16,74,1339.63
1847,15399,22,50,815.77
1848,15400,113,13,666.7
1849,15402,148,42,626.77
1850,15405,278,8,349.1
1851,15406,18,58,438.41
1852,15407,94,153,1085.44
1853,15408,264,34,267.18
1854,15410,84,122,3450.84
1855,15411,26,100,1376.03
1856,15412,171,10,190.53
1857,15414,9,39,774.9
1858,15415,313,48,614.33
1859,15416,2,193,3974.37
1860,15417,85,28,508.8
1861,15419,24,8,135.86
1862,15421,-1,53,950.36
1863,15422,323,6,97.7
1864,15423,332,2,43.5
1865,15424,254,17,383.34
1866,15426,19,300,1652.66
1867,15427,47,306,1708.6
1868,15428,15,6,93.78
1869,15429,26,83,382.75
1870,15432,23,10,171.19
1871,15433,65,53,417.87
1872,15434,107,59,997.48
1873,15435,22,29,149.29
1874,15436,12,329,1388.81
1875,15437,262,45,202.11
1876,15438,131,25,156.58
1877,15440,54,62,393.3
1878,15442,219,2,594
1879,15443,12,385,3618.74
1880,15444,9,219,1449.31
1881,15445,264,5,113.5
1882,15447,330,9,155.17
1883,15448,312,28,494.64
1884,15449,26,62,971.22
1885,15450,89,30,429.84
1886,15452,59,58,619.03
1887,15453,56,286,1530.72
1888,15454,362,25,211.6
1889,15456,340,60,472.48
1890,15457,262,58,249.67
1891,15458,25,7,161.64
1892,15460,354,58,252.46
1893,15462,143,11,234.6
1894,15463,59,7,126.14
1895,15464,222,157,1058.75
1896,15465,3,104,6945.02
1897,15466,85,57,338.78
1898,15467,9,53,519.68
1899,15468,43,29,438.46
1900,15469,31,27,504.5
1901,15471,150,77,558.3
1902,15472,113,76,371.56
1903,15473,-1,14,1465.2
1904,15475,77,29,454.11
1905,15478,40,46,1524.42
1906,15482,15,127,6919.12
1907,15483,266,88,264.85
1908,15484,9,189,3570.91
1909,15485,89,86,2596
1910,15488,122,2,91.32
1911,15489,4,55,1090.03
1912,15491,64,155,3090.85
1913,15492,28,35,659.46
1914,15493,149,299,2313.64
1915,15494,21,125,1354.38
1916,15497,17,16,1259.7
1917,15498,4,523,12296.54
1918,15500,18,68,1131.56
1919,15502,15,252,4903.96
1920,15503,362,70,159.19
1921,15504,81,13,52.83
1922,15505,52,99,3497.14
1923,15506,22,164,1066.74
1924,15507,171,46,605.46
1925,15508,225,92,1000.27
1926,15510,330,1,250
1927,15511,11,160,964.23
1928,15512,155,7,121
1929,15513,4,314,14549.12
1930,15514,12,218,3158.37
1931,15516,44,15,62.43
1932,15517,233,27,267.03
1933,15518,38,220,2001.99
1934,15520,119,18,343.5
1935,15521,34,200,2574.65
1936,15522,87,57,442.54
1937,15523,84,10,412.01
1938,15524,24,1,440
1939,15525,17,180,1096.52
1940,15526,181,4,148.44
1941,15527,18,166,2480.02
1942,15528,254,26,229.33
1943,15529,22,674,4078.04
1944,15530,21,108,1566.48
1945,15531,89,228,2101.43
1946,15532,25,263,1560.91
1947,15533,19,86,746.92
1948,15535,173,78,549.4
1949,15537,163,24,110.92
1950,15539,300,41,538.46
1951,15540,11,15,213.3
1952,15541,114,29,85.13
1953,15543,288,28,138.06
1954,15544,1,261,3542.51
1955,15545,54,81,300.22
1956,15547,30,702,5207.85
1957,15549,77,116,1810.56
1958,15550,37,61,575.63
1959,15551,273,29,436.06
1960,15552,187,17,90.12
1961,15553,60,56,502.13
1962,15554,159,14,217.2
1963,15555,-1,925,4826.41
1964,15556,24,31,279.77
1965,15557,28,20,597.12
1966,15561,11,31,722.74
1967,15562,351,1,134.55
1968,15563,21,117,1319.69
1969,15565,50,8,173.16
1970,15567,18,7,186.01
1971,15568,44,53,758.29
1972,15569,38,31,1375.71
1973,15570,10,330,4338.02
1974,15571,11,57,681.42
1975,15572,25,215,2725.27
1976,15573,85,104,723.18
1977,15574,177,168,833.25
1978,15576,301,45,979.27
1979,15577,32,39,258.88
1980,15578,162,13,127.1
1981,15579,302,51,423.8
1982,15581,31,151,3696.87
1983,15582,24,44,682.91
1984,15584,23,125,735.31
1985,15585,176,31,455.3
1986,15587,30,9,913.68
1987,15589,255,30,456.58
1988,15590,289,1,-30.19
1989,15592,46,24,388.58
1990,15593,70,5,199.8
1991,15594,15,104,1767.53
1992,15596,67,84,1343.34
1993,15597,59,23,315.72
1994,15598,50,16,235.68
1995,15599,26,52,761.74
1996,15601,11,414,6745.36
1997,15602,22,54,1083.63
1998,15603,78,2,48.48
1999,15604,52,17,216.39
2000,15605,30,67,1198.23
2001,15606,1,91,2422.64
2002,15607,161,13,104.76
2003,15608,28,60,1093.68
2004,15609,64,18,270.03
2005,15610,51,6,112.46
2006,15611,9,45,1568.39
2007,15612,90,6,195.15
2008,15615,10,429,10360.04
2009,15618,86,49,747.031
2010,15619,10,3,336.4
2011,15620,50,104,1524.4
2012,15621,10,18,1395.65
2013,15622,43,214,3182.88
2014,15623,141,19,301.03
2015,15624,116,34,588.13
2016,15625,100,68,1504.56
2017,15626,74,49,675.8
2018,15628,24,157,2865.64
2019,15630,45,61,1180.4
2020,15632,15,177,3147.31
2021,15634,17,15,243.55
2022,15636,30,25,724.76
2023,15637,52,15,223.36
2024,15638,37,2,-94
2025,15639,134,25,425.32
2026,15640,16,495,12736.93
2027,15641,105,119,1904
2028,15643,125,36,647.4
2029,15644,166,238,865.49
2030,15645,18,52,634.96
2031,15646,35,36,425.14
2032,15648,204,28,635.6
2033,15649,161,2,816
2034,15651,260,32,646.3
2035,15652,91,21,337.74
2036,15653,115,6,877.44
2037,15654,9,21,922.53
2038,15655,66,37,511.32
2039,15656,45,47,748.5
2040,15657,22,1,30
2041,15658,37,56,958.9
2042,15659,43,11,306.45
2043,15660,25,94,1552.01
2044,15661,222,5,309.8
2045,15663,106,9,138.14
2046,15664,50,19,358.63
2047,15665,66,116,2281.61
2048,15667,39,13,301.32
2049,15668,187,1,76.32
2050,15669,40,35,677.69
2051,15670,296,12,173.05
2052,15671,18,81,2635.49
2053,15673,0,155,4533.44
2054,15674,65,135,1744.02
2055,15675,81,21,323.69
2056,15676,9,216,3345.09
2057,15677,49,33,657.23
2058,15678,52,12,352.7
2059,15679,24,110,781.28
2060,15680,9,78,1333.68
2061,15681,18,67,946.36
2062,15683,117,10,193.75
2063,15687,23,168,2981.5
2064,15689,1,9,254.1
2065,15690,100,19,239.76
2066,15691,339,2,136.8
2067,15692,28,12,191.04
2068,15694,25,79,6423.6
2069,15695,266,22,409.98
2070,15696,65,177,2771.52
2071,15699,17,18,309.65
2072,15700,172,89,680.28
2073,15701,73,237,1612.95
2074,15703,264,5,211.5
2075,15704,126,117,2325.12
2076,15705,201,6,143.1
2077,15706,29,59,1001.81
2078,15707,43,214,1062.47
2079,15708,40,297,3739.22
2080,15709,340,6,133.25
2081,15712,9,53,1072.36
2082,15713,143,20,346.75
2083,15714,11,35,332.58
2084,15716,145,118,1200.62
2085,15717,234,7,150.3
2086,15719,2,938,5102.24
2087,15720,24,128,598.73
2088,15721,11,91,613.16
2089,15722,108,72,2260.11
2090,15723,423,41,230.45
2091,15724,67,12,212.3
2092,15725,15,32,415.25
2093,15727,8,302,5349.46
2094,15728,49,4,-134.8
2095,15729,34,6,62
2096,15730,122,73,1108.38
2097,15732,34,14,294.12
2098,15733,309,10,162.3
2099,15734,114,26,1339.45
2100,15737,14,81,1121.21
2101,15738,18,176,4838.77
2102,15739,243,8,449.12
2103,15740,49,9,154.88
2104,15743,16,88,811.99
2105,15744,77,3,34.8
2106,15745,19,65,1071.24
2107,15746,134,29,182.96
2108,15747,12,93,1060.33
2109,15748,40,21,177.96
2110,15749,38,15,21535.9
2111,15750,15,295,2475.19
2112,15752,39,412,2723.18
2113,15753,129,1,79.2
2114,15754,50,29,455.67
2115,15755,0,149,2318.88
2116,15756,63,192,544.03
2117,15757,187,45,714.42
2118,15758,24,9,205.25
2119,15759,218,7,253.04
2120,15762,77,37,583.75
2121,15763,73,63,1048.67
2122,15764,0,188,3245.47
2123,15766,182,11,315.06
2124,15768,115,28,581.83
2125,15769,40,147,51823.72
2126,15773,241,10,635.68
2127,15774,302,25,270.8
2128,15775,127,7,104.9
2129,15776,133,18,241.62
2130,15777,5,22,1021.61
2131,15780,35,29,475.28
2132,15781,25,21,333.56
2133,15782,9,44,2593.94
2134,15783,10,14,246.3
2135,15785,59,87,2303.75
2136,15786,43,280,4860.6
2137,15787,26,206,1012.95
2138,15789,358,25,351.3
2139,15790,10,35,225.05
2140,15791,43,76,1604.44
2141,15793,9,13,948.96
2142,15795,149,42,610.01
2143,15796,17,135,2681.01
2144,15797,95,8,2207.4
2145,15799,75,98,907.96
2146,15800,107,119,703.46
2147,15801,46,69,1042.19
2148,15802,142,3,-451.42
2149,15803,51,8,415.82
2150,15804,11,274,3848.55
2151,15805,23,307,5532.77
2152,15806,46,31,784.58
2153,15807,50,48,903.9
2154,15808,190,210,3974.32
2155,15809,68,43,399.21
2156,15810,78,112,1145.43
2157,15811,17,139,2171.32
2158,15812,32,41,1801.14
2159,15813,207,40,1303.91
2160,15814,16,74,1842.73
2161,15815,34,49,2100.6
2162,15819,49,123,1905.45
2163,15820,319,17,206.98
2164,15821,44,62,570.96
2165,15822,180,33,885.47
2166,15823,191,17,-840.76
2167,15825,172,20,532.94
2168,15826,51,69,1649.36
2169,15827,34,134,1641.48
2170,15829,140,51,636.14
2171,15830,59,41,547.7
2172,15831,-1,69,776.04
2173,15832,254,54,836.79
2174,15834,70,276,2225.31
2175,15835,44,50,954.09
2176,15836,45,12,117.47
2177,15837,182,24,391.98
2178,15838,11,169,33350.76
2179,15839,25,65,1020.74
2180,15840,-1,28,345.66
2181,15841,72,50,1209.1
2182,15843,98,8,118.95
2183,15844,46,11,130.74
2184,15845,17,140,3650.87
2185,15847,288,22,389.27
2186,15850,19,97,258.63
2187,15852,186,22,160.71
2188,15853,51,30,126.1
2189,15854,86,140,2985.71
2190,15855,94,80,721.09
2191,15856,32,653,17087.13
2192,15857,18,14,297
2193,15858,15,191,1530.76
2194,15860,40,142,1011.26
2195,15861,12,547,3065.7
2196,15862,112,147,832.88
2197,15863,25,18,68.84
2198,15864,22,24,1769.78
2199,15865,0,40,895.13
2200,15866,101,45,267.81
2201,15867,22,463,3802.79
2202,15869,159,15,171.74
2203,15870,151,76,445.24
2204,15872,14,128,521.51
2205,15874,127,137,4364.54
2206,15877,17,131,451.23
2207,15880,576,106,358.88
2208,15881,312,32,438.24
2209,15882,198,24,495.36
2210,15883,150,49,396.48
2211,15885,122,18,379.35
2212,15886,60,12,181.09
2213,15888,79,14,144.96
2214,15889,185,93,534.17
2215,15891,226,62,550.2
2216,15894,253,41,307.3
2217,15895,149,11,179.17
2218,15897,194,24,268.77
2219,15898,119,87,1452.83
2220,15899,545,4,56.25
2221,15900,23,51,414.03
2222,15901,16,116,397.26
2223,15903,9,75,5126.34
2224,15904,331,30,164.68
2225,15906,19,151,1558.04
2226,15907,176,249,1470.74
2227,15909,173,7,191.94
2228,15910,15,267,1307.04
2229,15912,178,19,264.62
2230,15916,16,160,1567.95
2231,15917,188,12,123.1
2232,15918,271,40,343.08
2233,15919,19,143,1029.75
2234,15920,124,60,167.5
2235,15921,172,25,362.03
2236,15922,665,12,363.6
2237,15923,665,21,127.08
2238,15925,194,12,207.15
2239,15930,274,21,426.63
2240,15932,0,119,2482.01
2241,15933,21,74,1107.46
2242,15935,5,12,416.86
2243,15937,182,7,145.35
2244,15938,112,18,404.58
2245,15939,3,77,6102.26
2246,15940,341,2,31.8
2247,15942,133,14,337.44
2248,15944,128,6,325.1
2249,15945,453,2,181
2250,15947,82,29,1708.24
2251,15948,43,60,955.24
2252,15949,16,19,364.72
2253,15950,78,103,1788.11
2254,15951,119,43,669.57
2255,15952,181,91,855.89
2256,15953,4,103,1638.73
2257,15955,24,185,4389.81
2258,15957,120,42,453.85
2259,15958,74,7,104.35
2260,15963,19,28,470.76
2261,15965,17,122,1026.45
2262,15967,23,84,493.8
2263,15969,9,21,582.9
2264,15970,98,11,314.1
2265,15971,0,35,4199.85
2266,15973,235,6,99.77
2267,15974,4,177,3429.55
2268,15975,84,24,371.01
2269,15976,165,98,437.54
2270,15977,17,65,1129.73
2271,15978,77,49,1098.78
2272,15980,0,43,2398.86
2273,15981,5,97,3408.48
2274,15983,22,113,1612.78
2275,15984,71,275,3195.88
2276,15985,123,38,1037.42
2277,15986,89,14,168.12
2278,15987,12,140,1539.35
2279,15988,19,27,160.53
2280,15990,44,52,792.11
2281,15992,180,3,41.99
2282,15993,15,560,2894.93
2283,15994,54,35,482.37
2284,15996,0,131,1115.98
2285,15998,87,509,3158.77
2286,16000,150,9,12393.7
2287,16003,59,103,2735.37
2288,16005,12,218,720.07
2289,16006,4,8,101.4
2290,16007,3,385,1769.63
2291,16008,23,33,478.78
2292,16009,22,90,1086.66
2293,16010,127,86,488.89
2294,16011,1,212,3397.21
2295,16012,155,94,1519.89
2296,16013,1,151,35511.25
2297,16014,63,148,689.3
2298,16015,26,184,719.32
2299,16016,15,237,1678.76
2300,16017,47,32,273.48
2301,16018,3,28,408.9
2302,16019,46,165,3450.24
2303,16020,16,46,851.01
2304,16022,260,76,709.63
2305,16023,46,101,719.81
2306,16024,12,64,260.03
2307,16025,59,28,439.66
2308,16026,43,32,253.34
2309,16027,68,17,852.12
2310,16029,29,274,43606.37
2311,16030,282,29,377.74
2312,16031,122,100,564.82
2313,16033,4,1152,8918.99
2314,16034,38,22,437.7
2315,16036,87,55,758.92
2316,16037,129,39,855.02
2317,16038,177,28,454.33
2318,16040,148,65,1313.55
2319,16041,89,6,3166.4
2320,16042,22,75,1186.97
2321,16043,4,39,773.99
2322,16045,1,83,1340.7
2323,16048,85,9,243.69
2324,16049,40,312,1383.02
2325,16050,173,10,137.9
2326,16052,54,34,362.06
2327,16053,92,84,1553.2
2328,16054,145,70,783.9
2329,16055,279,8,134.8
2330,16056,45,68,693.05
2331,16057,4,134,2140.22
2332,16059,71,180,1496.96
2333,16061,269,1,-29.95
2334,16062,5,64,1153.62
2335,16063,260,23,335.32
2336,16065,453,74,386.19
2337,16066,16,102,1529.33
2338,16070,22,33,852.15
2339,16071,44,21,326.24
2340,16072,288,23,584.32
2341,16073,291,2,94.35
2342,16076,22,131,2173.53
2343,16078,340,1,79.2
2344,16079,16,21,1352
2345,16080,67,11,176.6
2346,16081,56,227,2841.84
2347,16083,100,31,1317.62
2348,16084,299,38,436.18
2349,16085,-1,167,985.26
2350,16086,29,40,1119.31
2351,16091,124,18,315.06
2352,16092,114,53,779.36
2353,16093,106,1,17
2354,16094,11,67,1041.83
2355,16096,264,12,320.62
2356,16097,240,10,185.05
2357,16098,87,67,2073.13
2358,16099,50,39,731.9
2359,16101,9,83,1245.96
2360,16102,42,57,1842.14
2361,16103,79,48,1429.64
2362,16104,90,29,310.66
2363,16105,219,13,336.96
2364,16106,213,6,108.38
2365,16107,17,31,3204.16
2366,16108,84,49,816.1
2367,16109,218,18,611.88
2368,16110,45,354,1442.06
2369,16112,69,16,195.74
2370,16113,94,30,161.38
2371,16114,170,8,135.75
2372,16115,3,284,1693.37
2373,16116,4,35,592.88
2374,16117,278,30,232.21
2375,16119,72,16,423.36
2376,16120,29,32,1412.94
2377,16121,57,212,1126.51
2378,16122,38,38,684.42
2379,16123,51,16,307.78
2380,16124,316,16,187.15
2381,16125,515,13,289.35
2382,16126,59,117,6287.77
2383,16127,39,40,656.25
2384,16128,17,89,1880.22
2385,16131,51,78,3506.54
2386,16133,16,365,14341
2387,16134,21,38,603.69
2388,16135,262,21,517.55
2389,16136,29,37,709.38
2390,16138,545,1,-7.95
2391,16139,18,31,635.41
2392,16140,52,37,703.77
2393,16141,0,30,620.4
2394,16142,249,37,535.34
2395,16143,34,118,2419.84
2396,16144,158,1,175.2
2397,16145,2,237,3741.98
2398,16146,203,29,734.13
2399,16147,133,22,375
2400,16148,296,1,76.32
2401,16149,142,18,280.52
2402,16150,0,136,1906.07
2403,16152,268,29,1829.04
2404,16153,49,89,1824.23
2405,16156,24,139,3158.87
2406,16157,15,19,644.24
2407,16159,281,14,348.2
2408,16160,78,22,1009.45
2409,16161,14,502,5445.15
2410,16162,339,2,37.4
2411,16163,225,7,441.6
2412,16164,17,35,891.03
2413,16168,2,99,3770.6
2414,16169,39,85,1822.97
2415,16170,50,127,1880.42
2416,16171,29,3,73.2
2417,16172,5,69,1140.21
2418,16173,15,87,1406.57
2419,16174,32,23,1009.55
2420,16175,169,58,1037.59
2421,16177,50,15,331.95
2422,16178,138,8,197.9
2423,16179,60,11,215.83
2424,16180,31,176,10217.48
2425,16181,73,11,305.54
2426,16182,72,28,6617.65
2427,16183,274,15,338.71
2428,16184,4,46,1155.54
2429,16185,16,31,529.41
2430,16186,4,219,3991.94
2431,16187,0,297,6841.24
2432,16188,35,67,981.86
2433,16189,15,11,215.48
2434,16190,40,6,215.08
2435,16191,0,151,4913.32
2436,16193,236,19,314.45
2437,16198,75,15,400.681
2438,16200,164,179,1167.69
2439,16201,16,115,1821.52
2440,16202,360,18,365.27
2441,16203,-1,36,589.15
2442,16204,23,57,522.77
2443,16205,89,98,797.98
2444,16206,54,63,542.01
2445,16207,25,19,394.38
2446,16208,44,66,670.86
2447,16209,0,46,2262.62
2448,16210,9,123,21086.3
2449,16211,0,24,542.77
2450,16212,19,43,681.19
2451,16213,78,6,159
2452,16214,170,44,1062.75
2453,16215,80,14,242.35
2454,16216,267,37,914.93
2455,16217,127,19,259.39
2456,16218,59,90,3054.87
2457,16221,97,97,878.66
2458,16222,318,137,1008.26
2459,16224,57,96,1295.3
2460,16225,44,134,1127.55
2461,16226,203,8,255.12
2462,16227,225,7,308.32
2463,16229,34,47,1010.6
2464,16230,278,35,542.03
2465,16232,43,38,983.23
2466,16233,71,25,422.13
2467,16235,38,48,858.41
2468,16236,78,20,432.2
2469,16239,56,21,372.9
2470,16240,9,142,3693.81
2471,16241,-1,662,2669.45
2472,16242,18,295,3696.71
2473,16243,54,51,409.1
2474,16244,4,91,1522.75
2475,16245,23,93,1352.36
2476,16247,170,16,114.56
2477,16248,90,7,152.94
2478,16249,52,69,1800.07
2479,16250,261,24,389.44
2480,16252,484,21,-295.09
2481,16253,120,124,3665.62
2482,16255,16,274,2649.8
2483,16256,257,14,732.63
2484,16257,176,2,46.95
2485,16258,45,135,5203.51
2486,16260,50,18,1035.45
2487,16261,17,124,812.35
2488,16262,360,3,-31.65
2489,16265,9,260,5423.15
2490,16266,73,61,873.49
2491,16268,71,45,667.65
2492,16270,353,54,1141.24
2493,16271,15,134,1514.49
2494,16272,116,25,411.7
2495,16274,696,67,390.55
2496,16275,196,33,559.87
2497,16276,176,6,810.6
2498,16278,23,25,537.83
2499,16279,21,109,1510.28
2500,16281,72,17,2062.06
2501,16282,252,11,168.3
2502,16283,31,168,1582.36
2503,16284,50,109,953.84
2504,16287,169,8,142.5
2505,16292,62,19,280.9
2506,16293,21,120,2236.74
2507,16295,-1,79,1328.55
2508,16297,34,23,275.4
2509,16298,22,27,598.2
2510,16302,107,12,212.82
2511,16303,25,167,5305.83
2512,16305,138,22,361.22
2513,16306,37,44,602.27
2514,16308,107,4,2560
2515,16309,91,44,686.67
2516,16311,17,37,616.26
2517,16313,49,16,274.15
2518,16315,330,14,226.37
2519,16316,78,156,2755.56
2520,16317,1,69,1341.65
2521,16318,242,19,328.15
2522,16319,187,3,404.4
2523,16322,119,37,337.25
2524,16323,196,1,207.5
2525,16324,177,118,490.74
2526,16325,44,20,510.54
2527,16326,15,320,3489.9
2528,16327,14,319,3970.57
2529,16330,17,41,242.21
2530,16332,28,154,1618.66
2531,16333,123,45,26626.8
2532,16337,273,10,151.05
2533,16338,216,11,214.8
2534,16339,284,20,146.1
2535,16340,107,153,674.43
2536,16341,24,84,1959.38
2537,16342,75,15,322.41
2538,16343,16,47,494.42
2539,16344,246,2,205.2
2540,16345,44,38,629.11
2541,16347,11,92,1519.45
2542,16348,78,235,1633.41
2543,16349,290,9,53.5
2544,16350,21,60,1100.47
2545,16351,38,8,153.9
2546,16352,17,28,494.44
2547,16353,8,94,6675.71
2548,16354,73,39,395.8
2549,16356,159,32,210.32
2550,16357,65,34,658.88
2551,16358,64,110,2024.95
2552,16359,8,70,1460.37
2553,16360,0,671,3833.69
2554,16361,9,106,958.25
2555,16362,29,90,746.61
2556,16363,53,5,109.36
2557,16364,11,53,709.54
2558,16365,2,51,1540.42
2559,16366,18,18,327.3
2560,16367,301,130,842.88
2561,16368,28,76,629.11
2562,16369,18,118,1572.24
2563,16370,64,228,1449.91
2564,16372,181,97,427.69
2565,16374,243,111,517.13
2566,16376,17,128,1173.58
2567,16377,267,5,676.2
2568,16378,188,23,362.95
2569,16379,18,109,2131.9
2570,16380,90,32,2029.71
2571,16383,74,102,825.27
2572,16384,30,33,584.5
2573,16385,60,59,557.95
2574,16386,28,88,382.17
2575,16387,322,4,94.36
2576,16389,53,35,1362.27
2577,16392,269,45,257.49
2578,16393,11,358,3070.9
2579,16394,50,100,1412.06
2580,16395,60,210,1573.57
2581,16398,124,86,1631.15
2582,16399,19,73,409.67
2583,16400,183,29,308.28
2584,16401,14,198,4069.49
2585,16402,264,60,320.75
2586,16403,68,15,161.05
2587,16404,70,23,443.05
2588,16405,68,5,167.25
2589,16406,18,63,205.83
2590,16407,12,172,2306.93
2591,16409,2,232,2093.78
2592,16411,19,45,237.14
2593,16412,53,35,237.66
2594,16413,56,31,264.75
2595,16414,21,7,126.25
2596,16415,44,54,245.15
2597,16416,26,73,1087.89
2598,16418,44,102,812.57
2599,16419,36,52,986.52
2600,16422,2,399,33536.68
2601,16423,24,18,346.12
2602,16424,191,6,82.56
2603,16425,68,21,302.7
2604,16426,21,372,2062.18
2605,16427,263,9,241.06
2606,16428,81,1,-2.95
2607,16429,106,2,284.55
2608,16430,57,6,300.85
2609,16431,65,83,788.54
2610,16432,182,8,287.4
2611,16433,28,17,184.26
2612,16434,47,109,1543.15
2613,16438,26,132,805.95
2614,16440,51,282,3674.32
2615,16441,274,24,419
2616,16442,119,174,649.71
2617,16444,46,86,655.04
2618,16445,181,63,232.16
2619,16446,88,4,2.9
2620,16447,135,36,265.21
2621,16448,198,20,200.69
2622,16449,197,43,674.69
2623,16450,149,11,311.92
2624,16451,87,14,266.97
2625,16454,44,3,-8.15
2626,16455,152,99,1841.18
2627,16456,103,111,2159.89
2628,16457,218,9,208.36
2629,16458,0,202,3482.74
2630,16460,28,135,829.2
2631,16461,177,33,176.67
2632,16462,73,4,102
2633,16463,21,85,1383.7
2634,16464,19,236,1443.22
2635,16466,3,148,1756.51
2636,16468,74,2,74.9
2637,16469,23,182,721.9
2638,16470,51,171,847.86
2639,16471,67,13,223.95
2640,16473,161,19,314.86
2641,16474,17,368,2154.14
2642,16475,0,28,544.3
2643,16477,67,146,2494.46
2644,16478,25,17,331
2645,16479,10,35,300.83
2646,16480,75,53,774.61
2647,16482,15,18,220.62
2648,16483,192,19,139.35
2649,16484,173,26,379.4
2650,16485,77,42,366.4
2651,16488,114,31,492.2
2652,16491,46,39,731.5
2653,16493,72,62,1329.66
2654,16494,296,50,863.53
2655,16495,128,97,927.46
2656,16496,207,97,1562.22
2657,16497,49,136,2965.69
2658,16498,162,16,86.12
2659,16499,360,22,319.1
2660,16500,16,11,400.86
2661,16503,95,86,1421.43
2662,16504,25,86,546.58
2663,16505,120,4,777.6
2664,16506,19,3,90.3
2665,16509,296,13,363.7
2666,16510,665,13,248.1
2667,16511,21,169,1059.57
2668,16513,19,35,874.59
2669,16515,2,113,1687.31
2670,16516,89,6,101.7
2671,16517,159,17,162.7
2672,16518,90,42,480.92
2673,16519,25,13,215.08
2674,16520,186,157,1036.62
2675,16523,15,298,9315.67
2676,16525,8,200,11895.57
2677,16526,171,15,290.36
2678,16527,81,14,228.06
2679,16528,180,17,244.41
2680,16529,306,30,455.25
2681,16531,22,77,1244.59
2682,16532,17,4,6748.8
2683,16533,19,181,1058.95
2684,16535,241,31,593.75
2685,16536,107,56,622.07
2686,16539,150,45,1388.81
2687,16542,53,5,119.62
2688,16545,164,3,339.3
2689,16546,290,31,-95.93
2690,16549,10,981,4604.44
2691,16550,108,261,2266.25
2692,16551,161,32,922.12
2693,16552,35,17,379.73
2694,16553,5,86,5664.57
2695,16554,8,74,641.55
2696,16555,109,17,285.89
2697,16556,105,207,3313.79
2698,16557,24,11,281.85
2699,16558,5,474,8257.04
2700,16560,21,58,816.51
2701,16561,29,31,511.12
2702,16563,53,19,1077.74
2703,16565,423,3,173.7
2704,16566,15,19,614.01
2705,16567,161,35,865.6
2706,16569,180,5,124.2
2707,16570,15,133,3622.95
2708,16571,26,106,1285.22
2709,16572,32,58,999.7
2710,16573,73,46,648.41
2711,16574,71,28,451.44
2712,16579,453,1,-30.6
2713,16581,64,11,70.44
2714,16582,113,6,313.62
2715,16583,696,14,233.45
2716,16584,80,31,908.03
2717,16586,219,8,463.95
2718,16587,232,13,225.15
2719,16589,71,33,459.24
2720,16591,302,10,213.5
2721,16592,12,222,4073.28
2722,16593,50,27,361.83
2723,16594,75,53,181.09
2724,16595,90,85,363.92
2725,16596,15,12,250.15
2726,16597,211,7,90.04
2727,16598,159,11,140.7
2728,16600,16,62,813.52
2729,16601,40,31,256.65
2730,16602,120,32,494.73
2731,16603,74,34,482.47
2732,16607,-1,174,3038.67
2733,16609,2,280,5450.96
2734,16610,248,6,75.66
2735,16611,186,11,141.74
2736,16612,1,66,1187.66
2737,16613,70,30,618.59
2738,16614,64,26,506.19
2739,16616,15,33,500.42
2740,16617,235,5,151.85
2741,16618,120,97,2630.64
2742,16619,253,16,204.41
2743,16620,180,9,178.96
2744,16621,51,29,813.48
2745,16623,127,5,129.45
2746,16624,80,48,831.24
2747,16625,67,23,333.08
2748,16626,22,184,4379.65
2749,16627,79,20,322.8
2750,16628,59,119,2183.04
2751,16629,73,64,435.93
2752,16633,3,153,2878.15
2753,16634,338,9,217.9
2754,16637,60,72,1124.59
2755,16638,22,95,1676.47
2756,16639,25,52,1169.38
2757,16641,105,12,231.1
2758,16642,206,35,679.83
2759,16643,127,27,487.51
2760,16644,34,62,833.78
2761,16647,169,14,214.06
2762,16648,42,21,270.86
2763,16650,71,24,518.42
2764,16652,-1,123,6712.34
2765,16653,16,76,1166.92
2766,16654,141,31,594.97
2767,16655,8,261,3821.36
2768,16656,2,80,8568.24
2769,16657,9,208,1103.29
2770,16658,545,8,123.24
2771,16659,278,2,39.12
2772,16660,16,17,810.45
2773,16665,362,9,135.4
2774,16666,19,32,123.48
2775,16667,284,53,576.03
2776,16668,15,20,306.72
2777,16669,23,161,1468.75
2778,16670,0,262,4022.46
2779,16671,28,6,1692.27
2780,16672,5,117,8093.59
2781,16674,54,98,350.35
2782,16676,65,92,1558.72
2783,16678,1,170,3013.83
2784,16679,484,3,129.75
2785,16680,43,10,183.7
2786,16681,72,44,1770.34
2787,16682,57,30,1028
2788,16684,11,281,65892.08
2789,16685,90,62,326.58
2790,16686,47,588,3307.16
2791,16688,10,62,1260.86
2792,16689,75,16,303.26
2793,16690,43,13,208.63
2794,16692,256,3,1276
2795,16693,271,60,490.31
2796,16696,65,10,657.9
2797,16697,5,21,119.5
2798,16698,226,5,1998
2799,16700,2,312,5040
2800,16701,2,154,5150.27
2801,16705,0,284,13946.13
2802,16706,114,123,549.2
2803,16708,45,27,656.63
2804,16709,84,79,3029.87
2805,16710,19,402,2590.31
2806,16711,26,22,1651.03
2807,16712,9,447,3866.08
2808,16713,0,632,6877.38
2809,16714,218,94,1101.57
2810,16715,78,19,301.72
2811,16716,68,3,319.8
2812,16717,9,236,3308.96
2813,16718,576,45,716.15
2814,16719,14,203,1856.02
2815,16720,26,27,159.82
2816,16721,262,37,292.47
2817,16722,17,228,4711.21
2818,16723,91,43,722.78
2819,16725,68,152,891.67
2820,16726,26,185,1630.41
2821,16727,423,46,326.22
2822,16728,46,269,1112.75
2823,16729,5,668,7312.27
2824,16730,37,84,739.79
2825,16732,120,28,603.75
2826,16734,52,53,704.06
2827,16735,78,128,2593.66
2828,16737,53,1,417.6
2829,16738,297,1,3.75
2830,16739,172,16,312.55
2831,16742,46,4,0
2832,16743,4,193,2251.51
2833,16744,11,242,1332.8
2834,16745,1,358,7230.85
2835,16746,1,452,6748.66
2836,16747,25,45,826.96
2837,16748,17,69,1515.9
2838,16750,44,95,623.93
2839,16751,89,25,2002.22
2840,16752,665,9,207.5
2841,16753,-1,34,223.92
2842,16754,665,2,2002.4
2843,16755,114,176,1532.43
2844,16756,95,13,239.4
2845,16757,318,7,106.83
2846,16758,213,22,369.34
2847,16759,10,43,772.84
2848,16761,244,13,316.62
2849,16762,19,89,2089.66
2850,16763,156,24,594.9
2851,16764,9,718,2835.86
2852,16765,294,1,34
2853,16766,36,34,1145.6
2854,16767,64,222,5605.8
2855,16768,47,58,472.79
2856,16769,260,40,524.04
2857,16770,57,146,799.04
2858,16771,75,255,2257.31
2859,16773,57,26,186.59
2860,16774,116,49,666.72
2861,16775,10,158,1703.96
2862,16776,60,76,499.56
2863,16777,80,50,252.53
2864,16778,67,16,245.94
2865,16779,8,344,10499.95
2866,16780,100,60,466.19
2867,16781,453,19,294.65
2868,16782,10,197,2266.15
2869,16784,19,3,107.6
2870,16788,123,155,609.9
2871,16789,331,5,80.8
2872,16790,16,95,1520.12
2873,16791,38,322,1746.98
2874,16792,309,12,125.38
2875,16793,57,16,243.84
2876,16794,3,287,1304.48
2877,16795,453,66,452.68
2878,16796,30,18,305.62
2879,16800,11,164,1371.74
2880,16801,36,121,918.83
2881,16803,213,24,332.3
2882,16804,23,60,536.99
2883,16805,173,98,460.59
2884,16806,103,103,887.95
2885,16807,126,67,1121.59
2886,16808,67,23,288.42
2887,16809,23,150,943.44
2888,16810,192,16,275.64
2889,16811,17,28,547.07
2890,16812,360,15,479.35
2891,16813,50,449,1822.78
2892,16814,5,325,6715.4
2893,16816,103,28,417.06
2894,16817,36,95,1446.95
2895,16818,10,191,3317.97
2896,16820,214,26,497.61
2897,16823,227,38,401.83
2898,16824,15,26,460.64
2899,16825,156,28,775.18
2900,16826,51,22,341.7
2901,16828,112,8,128.5
2902,16829,185,11,197.22
2903,16830,332,23,325.91
2904,16832,125,12,199.15
2905,16833,99,47,1106.53
2906,16834,227,24,413.46
2907,16835,276,10,180.85
2908,16836,39,11,251.87
2909,16837,29,166,3167.73
2910,16838,159,26,582.9
2911,16839,0,298,15357.78
2912,16841,65,117,1774.62
2913,16842,68,64,1260.44
2914,16843,5,379,10183.82
2915,16846,50,11,214.32
2916,16847,43,12,193.44
2917,16848,52,14,281.42
2918,16849,186,8,124.57
2919,16850,69,19,332.41
2920,16851,42,20,342.45
2921,16852,10,9,144.91
2922,16855,23,19,328.4
2923,16856,14,2,35.4
2924,16858,484,13,433.01
2925,16859,106,72,473.14
2926,16861,29,8,151.65
2927,16863,59,28,481.35
2928,16866,63,11,207.74
2929,16869,22,129,847.12
2930,16871,22,139,2761.49
2931,16872,77,7,680.02
2932,16873,57,289,7066.31
2933,16875,5,123,2023.47
2934,16877,12,159,871.67
2935,16878,24,6,0
2936,16880,63,178,1645.43
2937,16881,243,1,432
2938,16882,239,39,705.12
2939,16883,217,38,285.23
2940,16884,301,26,429.84
2941,16885,15,101,625.71
2942,16887,242,37,233.98
2943,16889,66,135,1582.47
2944,16891,119,203,979.05
2945,16892,15,101,511.54
2946,16893,484,45,152.69
2947,16895,182,69,314
2948,16897,299,44,213.03
2949,16898,26,163,460.02
2950,16899,19,125,1302.56
2951,16900,11,82,187.69
2952,16902,116,44,1759.38
2953,16903,59,60,458.17
2954,16904,59,710,4049.28
2955,16905,19,209,3681.58
2956,16906,81,93,659.58
2957,16907,59,151,1087.43
2958,16909,72,19,364.14
2959,16910,9,547,1512.26
2960,16912,23,105,2568.27
2961,16913,290,8,113.44
2962,16914,273,38,303.67
2963,16915,9,57,621.68
2964,16916,23,143,648.72
2965,16917,128,9,391.52
2966,16918,49,130,1099.69
2967,16919,5,327,2604.85
2968,16921,90,60,241.21
2969,16923,12,696,8669.8
2970,16924,21,89,780.06
2971,16926,637,14,230.25
2972,16927,115,6,543.05
2973,16928,31,213,3114.1
2974,16929,17,77,1295.39
2975,16930,26,54,383.87
2976,16931,19,898,4779.16
2977,16932,53,53,249.27
2978,16933,119,49,544.93
2979,16934,54,62,1024.73
2980,16936,25,57,264.24
2981,16938,3,242,1992.88
2982,16940,52,305,3073.04
2983,16942,12,283,1977.72
2984,16943,4,33,816.73
2985,16945,-1,249,4345.5
2986,16947,235,21,406.48
2987,16948,138,19,435.02
2988,16949,40,61,1161.27
2989,16950,56,42,1199.56
2990,16951,123,87,1262.75
2991,16952,109,16,167.61
2992,16953,89,1,20.8
2993,16954,16,54,2085.08
2994,16955,125,26,493.67
2995,16956,9,18,292.34
2996,16957,239,16,416.64
2997,16959,87,7,117.35
2998,16960,60,101,507.05
2999,16961,116,14,234.17
3000,16963,217,7,110.55
3001,16965,226,26,201.19
3002,16966,15,31,2148.47
3003,16967,278,21,319.02
3004,16968,107,31,439.43
3005,16969,39,42,650.41
3006,16971,150,42,234.76
3007,16976,267,2,251.52
3008,16978,77,39,344.33
3009,16979,17,91,1817.35
3010,16980,255,87,1243.86
3011,16982,60,22,384.06
3012,16983,3,149,1988.04
3013,16984,0,418,4729.17
3014,16985,0,121,5461.62
3015,16986,59,3,1873.2
3016,16987,42,129,1704.5
3017,16988,241,7,126.12
3018,16989,2,12,1133.25
3019,16990,218,1,179
3020,16992,10,95,1601.86
3021,16995,665,1,-1.25
3022,16996,62,41,1427.46
3023,16997,282,12,702
3024,16998,129,6,287.02
3025,16999,23,23,484.82
3026,17001,22,169,3989.57
3027,17002,73,50,1487.78
3028,17004,46,44,1614.54
3029,17006,18,44,781.78
3030,17007,50,53,877.43
3031,17010,16,12,185.46
3032,17011,89,15,270.9
3033,17014,151,75,577.98
3034,17015,28,217,1857.96
3035,17017,-1,268,8574.11
3036,17018,40,16,920.1
3037,17019,11,234,1370.75
3038,17022,120,7,71
3039,17024,45,3,95.85
3040,17025,60,9,357.77
3041,17026,156,4,154.83
3042,17027,78,155,968.05
3043,17029,110,2,716
3044,17030,152,11,146.87
3045,17031,11,22,380.35
3046,17033,86,28,1030.14
3047,17034,16,32,734.57
3048,17035,37,32,388.33
3049,17037,78,77,1253.22
3050,17038,89,22,112.4
3051,17040,137,15,449.73
3052,17041,26,71,1085.93
3053,17042,62,98,1059.98
3054,17043,51,102,1735.18
3055,17044,25,10,897.43
3056,17045,113,22,339.44
3057,17046,216,22,642.02
3058,17047,85,65,1100.9
3059,17048,8,48,864.32
3060,17049,21,322,5604.68
3061,17050,189,316,3361.34
3062,17051,194,43,288.54
3063,17052,28,92,520.12
3064,17053,276,14,496.38
3065,17054,28,84,1353.83
3066,17058,81,62,1179.89
3067,17059,59,516,3191.15
3068,17060,266,5,234.24
3069,17061,73,101,5116.13
3070,17062,313,71,544.55
3071,17063,21,82,1421.59
3072,17064,-1,62,878.95
3073,17065,143,1,-112.35
3074,17068,12,297,4531.34
3075,17069,2,154,2655.22
3076,17070,114,64,327.94
3077,17071,0,148,2385.48
3078,17073,17,174,1471.44
3079,17075,17,80,813.77
3080,17076,36,25,841.08
3081,17078,273,28,378.2
3082,17079,78,2,118.8
3083,17080,22,9,285.5
3084,17081,25,64,292.66
3085,17082,181,81,2003.85
3086,17083,98,52,1405.78
3087,17084,242,162,3526.13
3088,17085,123,189,1563.55
3089,17086,24,96,2050.08
3090,17088,28,115,1991.01
3091,17090,0,64,2189.3
3092,17091,120,198,3802.81
3093,17092,50,125,1895.83
3094,17094,318,15,270.2
3095,17095,8,77,1088.2
3096,17096,-1,52,992.68
3097,17100,18,65,971.74
3098,17101,10,42,1621.73
3099,17102,261,1,25.5
3100,17105,190,90,665.78
3101,17107,75,421,10568.67
3102,17109,44,121,931.78
3103,17110,165,12,163.3
3104,17111,47,30,282.61
3105,17114,66,135,774.19
3106,17115,64,43,806.9
3107,17117,288,9,116.2
3108,17118,317,10,157.02
3109,17119,29,38,593.61
3110,17120,233,18,307.46
3111,17122,1,7,138.32
3112,17123,336,9,345.3
3113,17124,156,32,308.19
3114,17125,50,40,339.55
3115,17126,63,262,1080.5
3116,17128,99,14,157.09
3117,17131,47,134,2840.97
3118,17133,15,27,4892.24
3119,17134,106,24,448.6
3120,17135,16,52,1139.73
3121,17138,97,24,380.5
3122,17139,0,487,10620.97
3123,17140,188,20,503.52
3124,17142,239,15,579
3125,17144,84,48,984.57
3126,17146,105,35,749.78
3127,17147,22,85,1679.64
3128,17148,51,9,124.88
3129,17152,194,16,1503.5
3130,17153,24,14,213.78
3131,17154,75,23,329.34
3132,17155,17,20,251.7
3133,17157,172,15,306.55
3134,17158,151,67,1266.97
3135,17159,21,102,1534.73
3136,17160,5,229,3518.03
3137,17162,28,105,1707.21
3138,17163,21,5,293.1
3139,17164,32,145,2466.4
3140,17165,284,10,158.68
3141,17166,196,14,189.49
3142,17169,50,60,816.88
3143,17171,289,16,224.91
3144,17172,74,16,313.26
3145,17173,-1,87,3755.65
3146,17174,187,4,59.9
3147,17175,3,64,1430.94
3148,17176,201,15,306.13
3149,17179,178,80,711.79
3150,17180,5,131,814.46
3151,17181,57,23,239.92
3152,17183,22,76,3286.91
3153,17186,46,2,144
3154,17187,226,10,203.95
3155,17188,11,89,2275.58
3156,17189,106,61,393.2
3157,17190,-1,20,249.74
3158,17191,28,237,2176.63
3159,17193,-1,35,1674.46
3160,17194,36,29,388.04
3161,17197,59,29,1013.01
3162,17198,23,96,724.77
3163,17201,53,40,448.33
3164,17203,52,152,3576.14
3165,17204,5,67,1352.91
3166,17205,53,13,384.08
3167,17206,53,7,204.24
3168,17211,3,213,2316.61
3169,17212,253,4,226.85
3170,17213,37,164,2741.08
3171,17214,60,104,1019.47
3172,17217,234,9,113.5
3173,17218,11,274,2043.27
3174,17219,120,25,116.78
3175,17220,24,472,3317.42
3176,17221,273,63,336.43
3177,17222,213,28,405.15
3178,17223,310,49,463.49
3179,17226,251,21,393.49
3180,17227,18,47,1043.87
3181,17228,15,208,1939.37
3182,17229,142,47,318.76
3183,17230,68,73,3466.67
3184,17231,12,546,3358.55
3185,17232,14,36,429.02
3186,17233,242,25,190.88
3187,17234,64,14,149.89
3188,17235,25,29,550.06
3189,17236,12,105,941.09
3190,17237,11,19,314.69
3191,17238,17,566,4074.59
3192,17239,312,16,379.95
3193,17242,3,40,1135.04
3194,17243,14,407,9064.45
3195,17244,53,31,954.9
3196,17245,204,9,171.45
3197,17247,15,55,292.69
3198,17248,31,69,326.9
3199,17250,180,57,392.22
3200,17251,362,39,310.18
3201,17252,116,87,363.76
3202,17253,18,18,178.26
3203,17254,15,112,274.94
3204,17255,40,78,385.27
3205,17256,107,16,285.9
3206,17259,148,124,697.95
3207,17262,52,12,1253.36
3208,17263,208,23,63.44
3209,17265,3,127,617.07
3210,17266,147,80,431.34
3211,17267,245,38,318.46
3212,17268,2,6,763.64
3213,17272,42,116,2144.53
3214,17274,242,27,127.05
3215,17277,227,69,1065.35
3216,17278,5,15,246.04
3217,17279,57,9,281.43
3218,17282,173,94,1743.66
3219,17284,31,294,1669.08
3220,17286,21,45,159.02
3221,17287,26,124,1094.21
3222,17288,9,142,1519.1
3223,17289,3,112,1099.62
3224,17290,16,102,558.92
3225,17291,251,1,550.8
3226,17293,-1,135,1939.41
3227,17295,28,69,576.85
3228,17297,17,51,138.98
3229,17298,101,30,498.42
3230,17299,11,57,706.61
3231,17301,21,66,287.21
3232,17302,14,81,1119.93
3233,17303,361,53,250.04
3234,17306,10,69,8600.73
3235,17307,453,1,-152.64
3236,17309,214,12,97.75
3237,17311,78,55,1384.85
3238,17312,138,14,644.3
3239,17313,17,28,2288.13
3240,17314,-1,136,2514.76
3241,17315,4,487,6469.42
3242,17317,30,11,2524.02
3243,17320,100,73,1200.62
3244,17321,274,107,830.56
3245,17323,15,204,953.53
3246,17324,8,50,997.73
3247,17325,250,6,96.8
3248,17329,14,33,523.11
3249,17330,22,6,363.9
3250,17331,123,1,175.2
3251,17333,85,28,494.25
3252,17334,37,12,306.6
3253,17337,4,548,2112.91
3254,17338,8,757,7395.84
3255,17339,183,9,243.36
3256,17340,9,424,11891.18
3257,17341,185,183,1078.75
3258,17343,355,17,193.64
3259,17344,46,32,166.47
3260,17345,15,87,686.6
3261,17346,-1,503,2767.54
3262,17347,86,1,228.96
3263,17348,14,215,1202.41
3264,17349,179,9,135.75
3265,17350,45,72,1298.73
3266,17351,36,27,587.15
3267,17353,124,8,1740
3268,17354,50,16,1571.26
3269,17356,341,19,178.22
3270,17357,24,45,507.03
3271,17358,98,59,387.73
3272,17359,11,15,177.24
3273,17360,17,132,716.77
3274,17361,49,29,519.45
3275,17362,239,35,312.23
3276,17364,8,414,4525.38
3277,17365,12,468,5148.41
3278,17367,238,34,170.1
3279,17368,23,128,2002.72
3280,17370,72,33,446.18
3281,17371,17,87,434.87
3282,17372,40,253,1387.72
3283,17373,40,57,646.92
3284,17374,218,28,495.77
3285,17375,199,71,372.5
3286,17376,70,24,203.2
3287,17377,23,419,4072.77
3288,17379,11,83,499.23
3289,17381,1,110,20272.43
3290,17382,213,2,65.4
3291,17383,211,51,211.09
3292,17384,19,15,336.4
3293,17385,14,47,295.26
3294,17386,113,28,2686.42
3295,17387,19,78,888.41
3296,17388,4,15,1259.56
3297,17389,8,224,31300.08
3298,17391,163,3,508.8
3299,17392,190,62,574.96
3300,17394,248,4,203.87
3301,17396,39,27,7330.8
3302,17397,22,92,726.41
3303,17398,114,38,653.38
3304,17400,210,213,2237.91
3305,17402,50,59,2633.85
3306,17403,273,33,317.02
3307,17405,2,94,967.22
3308,17406,69,116,2027.16
3309,17408,163,2,32.65
3310,17409,125,13,771.85
3311,17410,-1,64,1214.72
3312,17411,12,43,748.94
3313,17412,23,66,1258.06
3314,17414,43,6,778
3315,17415,79,14,507.84
3316,17416,59,271,6838.34
3317,17418,42,30,463.46
3318,17419,11,208,4200.97
3319,17420,50,30,598.83
3320,17422,3,135,1853.13
3321,17423,45,28,663.63
3322,17425,19,43,759.17
3323,17426,91,272,5022.26
3324,17427,71,2,100.8
3325,17428,5,343,17078.45
3326,17429,31,42,512.12
3327,17430,151,14,265.76
3328,17431,313,43,407.47
3329,17432,18,48,365.76
3330,17433,0,54,308.11
3331,17434,9,138,2333.42
3332,17436,119,9,216.3
3333,17438,188,19,378.3
3334,17440,147,8,177.1
3335,17442,59,140,2210.26
3336,17446,176,9,120.9
3337,17447,40,36,541.53
3338,17448,144,1,-4287.63
3339,17449,0,279,2519.96
3340,17450,2,351,186466.31
3341,17451,9,107,1648.95
3342,17453,17,19,486.72
3343,17454,192,61,517.53
3344,17455,203,8,131.7
3345,17456,453,17,249.86
3346,17457,204,19,1737.7
3347,17458,15,54,327.75
3348,17459,43,111,677.05
3349,17460,78,37,452.63
3350,17461,22,111,800.74
3351,17462,51,28,662.94
3352,17463,16,219,1959.03
3353,17464,246,9,289.96
3354,17466,10,41,763.28
3355,17468,10,5,137
3356,17469,16,90,1843.06
3357,17470,44,78,1125.07
3358,17472,288,181,811.54
3359,17475,79,14,194.37
3360,17480,73,31,506.51
3361,17481,15,83,1249.34
3362,17483,94,21,414.04
3363,17486,261,24,396.87
3364,17489,-1,29,376.64
3365,17490,73,86,1926.88
3366,17491,14,110,3541.92
3367,17492,219,12,374.57
3368,17495,300,27,497.56
3369,17496,358,10,271.05
3370,17498,75,17,272.22
3371,17499,289,40,622.88
3372,17500,17,5,1138
3373,17501,279,18,288.6
3374,17502,9,28,689.1
3375,17503,150,38,558.96
3376,17504,65,140,2745.28
3377,17505,205,52,1145.84
3378,17506,70,16,294.29
3379,17507,261,88,614.33
3380,17509,57,369,6163.74
3381,17510,24,20,308.48
3382,17511,5,1076,88125.38
3383,17512,28,106,2920.04
3384,17513,72,6,513.2
3385,17514,276,40,208.65
3386,17515,120,87,654.02
3387,17516,1,137,789.58
3388,17517,251,11,153.94
3389,17519,17,83,1839.07
3390,17520,53,30,546.81
3391,17521,24,46,721.96
3392,17522,94,73,1104.31
3393,17523,11,33,660.24
3394,17524,361,6,145
3395,17525,359,9,422.7
3396,17526,119,23,706.7
3397,17527,53,49,888.86
3398,17528,-1,260,3555.92
3399,17530,16,394,2495.06
3400,17531,31,15,293.45
3401,17534,53,9,223.36
3402,17535,250,13,164.4
3403,17536,177,3,76.5
3404,17537,59,75,917.52
3405,17538,25,9,98.42
3406,17540,24,26,570.4
3407,17542,269,25,176.55
3408,17545,43,145,660.89
3409,17547,665,2,-11.8
3410,17548,187,17,-141.48
3411,17549,23,6,148.86
3412,17550,66,42,267.16
3413,17551,359,43,348.24
3414,17552,42,51,909.96
3415,17553,304,2,1487.6
3416,17554,16,88,1986.45
3417,17555,19,106,503.01
3418,17556,205,6,157.9
3419,17557,14,34,541.46
3420,17560,68,27,854.95
3421,17561,19,46,173.95
3422,17562,14,64,1107.38
3423,17564,24,49,454.01
3424,17566,25,152,1182.44
3425,17567,57,177,4012.56
3426,17569,38,29,344.14
3427,17571,50,299,1883.41
3428,17572,71,12,226.75
3429,17573,59,26,362.9
3430,17574,35,8,185.65
3431,17576,2,417,3614.39
3432,17578,218,6,124.74
3433,17579,31,52,454
3434,17580,312,45,215.72
3435,17581,65,452,10775.71
3436,17582,236,29,180.22
3437,17584,10,36,1227.3
3438,17585,109,214,1204.24
3439,17588,100,23,1240.2
3440,17589,32,253,2417.92
3441,17590,17,201,1595.45
3442,17591,73,167,2379.61
3443,17593,91,215,3989.27
3444,17594,85,50,993.18
3445,17595,12,83,392.99
3446,17596,23,270,2999.63
3447,17597,65,55,2044.37
3448,17600,17,13,161.67
3449,17601,239,9,116.01
3450,17602,23,565,5455.32
3451,17603,50,15,-1165.3
3452,17604,187,63,309.36
3453,17608,181,59,200.1
3454,17609,40,238,1182.49
3455,17611,35,582,4014.77
3456,17612,53,142,1992.76
3457,17613,22,319,4596.32
3458,17614,57,100,398.83
3459,17615,203,14,329.6
3460,17616,173,3,571.2
3461,17618,219,78,1139.68
3462,17619,312,77,237.69
3463,17620,29,4,81.44
3464,17621,21,27,1336.1
3465,17623,151,33,527.05
3466,17624,14,50,843.48
3467,17625,18,315,2188.32
3468,17628,81,5,75.75
3469,17629,18,124,1784.12
3470,17630,169,26,503.6
3471,17631,119,39,528.33
3472,17633,31,72,1242.34
3473,17634,34,297,2368.73
3474,17636,19,24,265.93
3475,17637,115,35,547.06
3476,17639,128,7,108.5
3477,17640,86,5,621.66
3478,17642,1,40,712.29
3479,17643,696,8,101.55
3480,17644,31,169,2768.98
3481,17646,248,54,995.66
3482,17647,213,7,133.06
3483,17648,60,92,1789.55
3484,17649,134,53,861.74
3485,17650,21,8,166.08
3486,17651,11,239,3886.67
3487,17652,25,270,4737.13
3488,17653,31,50,1175.88
3489,17654,159,22,117.55
3490,17655,10,93,2571.74
3491,17656,0,82,1674.69
3492,17658,4,23,485.88
3493,17659,17,161,2954.75
3494,17660,141,45,234.75
3495,17663,25,90,1788.27
3496,17664,18,43,604.64
3497,17666,180,18,728.16
3498,17667,4,117,2055.51
3499,17668,119,15,347.75
3500,17669,42,68,3406.72
3501,17670,227,11,205.7
3502,17671,4,61,1284.08
3503,17672,43,115,3106.62
3504,17673,119,228,1772.14
3505,17674,74,27,551.04
3506,17675,2,721,20098.1
3507,17676,-1,79,1416.27
3508,17677,28,321,16254.92
3509,17678,263,16,298.11
3510,17679,52,30,1992.11
3511,17680,23,11,184.4
3512,17682,10,119,2459.33
3513,17684,43,15,239.41
3514,17685,0,130,3321.63
3515,17686,31,286,5739.46
3516,17690,45,258,4841.4
3517,17691,358,19,290.4
3518,17692,160,47,733.44
3519,17693,136,18,187.02
3520,17694,141,15,283.12
3521,17695,131,35,794.54
3522,17696,0,126,2201.05
3523,17697,236,19,338.95
3524,17698,260,8,154.95
3525,17700,16,146,2508.89
3526,17701,339,24,417.95
3527,17702,79,80,1748.76
3528,17703,109,55,798.74
3529,17704,168,31,885.19
3530,17705,37,108,1781.12
3531,17706,32,395,10097.37
3532,17707,156,5,152.4
3533,17708,217,35,274.58
3534,17709,169,7,137.45
3535,17711,10,23,385.1
3536,17712,44,29,522.91
3537,17714,320,10,153
3538,17715,200,1,326.4
3539,17716,22,254,5505.79
3540,17718,232,6,139.35
3541,17719,0,278,5367.8
3542,17720,26,50,1195.94
3543,17722,244,120,2380.64
3544,17723,95,10,3276.4
3545,17724,57,45,995.65
3546,17725,16,198,3371.13
3547,17727,9,67,1042.55
3548,17728,21,169,2515.68
3549,17730,25,220,5288.83
3550,17731,79,83,878.2
3551,17732,665,18,303.97
3552,17733,261,35,692.19
3553,17734,53,43,700.63
3554,17735,108,690,13110.02
3555,17736,9,26,337.49
3556,17737,-1,10,168.24
3557,17738,19,99,1863.35
3558,17739,11,48,2786.05
3559,17742,38,15,355.11
3560,17744,25,137,2375.08
3561,17746,234,8,98.8
3562,17747,100,2,64.65
3563,17749,178,35,674.52
3564,17750,56,193,2062.07
3565,17752,359,1,80.64
3566,17754,88,93,2040.34
3567,17757,14,742,5688.84
3568,17758,19,412,3674.29
3569,17759,17,95,942.24
3570,17760,21,25,287.59
3571,17761,151,19,712.78
3572,17763,263,1,15
3573,17764,4,75,911.36
3574,17765,210,57,439
3575,17767,15,21,271.2
3576,17768,166,105,3042.59
3577,17769,12,313,4144.69
3578,17770,34,38,1143.27
3579,17771,56,54,248.33
3580,17772,10,53,201.41
3581,17774,145,157,1264.3
3582,17775,254,3,56.4
3583,17777,24,194,737.88
3584,17779,21,84,668.72
3585,17781,253,12,188.02
3586,17783,72,67,283.47
3587,17785,53,13,131.94
3588,17786,85,72,348.68
3589,17787,63,134,2000.99
3590,17788,73,5,1117.9
3591,17789,281,14,225.9
3592,17790,2,190,1989.3
3593,17791,59,10,106.1
3594,17793,25,58,421.25
3595,17795,179,46,372.01
3596,17796,40,82,728.55
3597,17797,22,111,780.43
3598,17799,22,410,3130.24
3599,17800,36,104,1246.76
3600,17802,3,147,1266.54
3601,17805,73,10,512.31
3602,17806,11,43,546.04
3603,17809,16,64,4627.62
3604,17811,0,872,8156.83
3605,17812,12,141,937.6
3606,17813,14,378,1931.36
3607,17816,213,17,36.56
3608,17817,159,33,402.43
3609,17819,64,49,3661.07
3610,17820,337,5,-24.05
3611,17824,51,13,298.4
3612,17827,35,220,2044.93
3613,17830,119,23,398.7
3614,17831,181,2,35.4
3615,17832,49,61,155.37
3616,17835,9,61,367.44
3617,17836,47,24,132.71
3618,17837,29,172,1754.68
3619,17838,26,137,2503.7
3620,17839,42,56,407.05
3621,17841,-1,7983,44404.54
3622,17843,98,37,276.48
3623,17846,85,1,2033.1
3624,17848,81,51,901.2
3625,17849,69,26,605.8
3626,17850,68,312,5124.93
3627,17852,11,24,114.34
3628,17854,156,15,311.26
3629,17855,665,17,208.97
3630,17856,119,17,1393.79
3631,17857,17,56,26763.34
3632,17858,1,199,5240.41
3633,17859,129,25,160.79
3634,17860,545,58,332.2
3635,17861,24,223,2092.73
3636,17862,323,11,330.9
3637,17863,29,148,3160
3638,17864,12,102,789.49
3639,17865,0,389,10147.29
3640,17866,142,10,325.7
3641,17867,77,81,820.76
3642,17869,107,40,428.18
3643,17870,14,280,2121.05
3644,17871,204,10,155.9
3645,17873,80,46,1815.36
3646,17874,156,47,658.26
3647,17877,170,12,237.61
3648,17878,43,26,379.45
3649,17879,173,6,178.52
3650,17880,423,26,458.92
3651,17881,129,8,133.35
3652,17883,14,145,756.11
3653,17884,180,117,781.11
3654,17885,12,64,273.1
3655,17886,120,109,969.29
3656,17887,304,10,111.35
3657,17888,18,81,625.53
3658,17889,34,21,208.87
3659,17890,322,94,638.79
3660,17891,162,34,203.86
3661,17892,56,28,244.1
3662,17893,225,16,122.33
3663,17894,71,193,1127.81
3664,17895,44,16,103.1
3665,17896,23,2,256.32
3666,17897,172,115,637.48
3667,17898,85,28,152.06
3668,17899,277,32,168.65
3669,17900,164,11,15
3670,17901,59,19,110.38
3671,17904,21,39,208.27
3672,17905,71,34,802.74
3673,17906,188,12,72.9
3674,17908,696,58,354.58
3675,17911,9,39,366.23
3676,17912,310,40,297.51
3677,17913,-1,59,472.4
3678,17914,180,80,374.27
3679,17917,45,94,374.58
3680,17919,0,23,1304.04
3681,17920,11,696,4815.66
3682,17921,148,145,840.36
3683,17923,309,1,207.5
3684,17924,11,38,2871.08
3685,17925,665,1,244.08
3686,17926,133,21,397.29
3687,17928,45,23,212.54
3688,17929,11,6,834.5
3689,17930,71,39,1740.48
3690,17931,134,65,417.21
3691,17932,4,90,1331.57
3692,17934,-1,21,704.25
3693,17935,138,29,147.99
3694,17936,241,77,458.61
3695,17937,114,43,4301.22
3696,17939,277,12,99.14
3697,17940,49,23,2156.38
3698,17941,335,2,304.56
3699,17942,300,2,77.5
3700,17946,233,20,161.38
3701,17947,301,9,176.68
3702,17948,147,1,358.56
3703,17949,2,79,53934.04
3704,17950,72,72,544.67
3705,17951,39,21,990.84
3706,17954,123,489,2357.3
3707,17955,198,19,557.3
3708,17956,249,1,12.75
3709,17957,243,31,111.68
3710,17958,116,7,508.46
3711,17960,171,26,73.78
3712,17961,0,249,1307.69
3713,17962,142,35,111.32
3714,17964,120,104,617.26
3715,17965,8,329,2681.09
3716,17966,32,68,1098.43
3717,17967,637,48,150.47
3718,17968,696,85,373.35
3719,17969,166,14,228.2
3720,17970,4,31,695.99
3721,17972,5,31,137.74
3722,17973,51,15,337.04
3723,17974,24,179,1033.65
3724,17975,15,297,4467.16
3725,17976,665,65,456.49
3726,17977,59,21,317.27
3727,17978,453,12,300.92
3728,17979,168,147,1011.14
3729,17980,165,30,811.45
3730,17984,145,48,152.68
3731,17985,22,23,678.15
3732,17986,56,1,20.8
3733,17987,156,13,198.57
3734,17988,11,39,191.17
3735,17990,236,29,630.84
3736,17991,225,5,93.35
3737,17994,36,84,643.49
3738,17995,281,2,76.1
3739,17997,63,180,1513.07
3740,17999,301,93,396.7
3741,18001,12,58,502.91
3742,18004,362,40,235.62
3743,18005,47,60,301.22
3744,18006,23,22,465.93
3745,18008,35,30,2223.2
3746,18009,235,33,272.14
3747,18010,256,14,174.8
3748,18011,696,28,102.79
3749,18013,155,31,187.29
3750,18014,28,32,189.22
3751,18015,211,46,120.03
3752,18016,74,123,1495.36
3753,18017,81,3,523
3754,18018,108,29,122.14
3755,18019,51,5,38.45
3756,18022,242,191,1057.69
3757,18024,63,22,236.78
3758,18027,303,21,115.31
3759,18030,42,10,220.7
3760,18032,99,5,73.5
3761,18033,213,34,112.87
3762,18034,21,112,467.58
3763,18035,43,53,885.92
3764,18036,105,96,440.11
3765,18037,124,19,70.02
3766,18040,19,19,357.2
3767,18041,11,474,4520.15
3768,18042,53,7,165.05
3769,18043,24,121,674.2
3770,18044,87,128,2085.65
3771,18045,45,47,215.68
3772,18048,203,7,172.29
3773,18050,359,5,74.4
3774,18053,70,21,297.07
3775,18055,39,363,6884.09
3776,18056,288,19,363.65
3777,18058,9,3,170.16
3778,18059,9,21,296.71
3779,18061,21,46,2119.41
3780,18062,173,27,720.52
3781,18064,133,7,814
3782,18065,86,138,2380.08
3783,18066,75,10,318
3784,18067,40,37,426.93
3785,18068,289,1,101.7
3786,18069,0,472,2109.48
3787,18071,257,25,453
3788,18072,155,36,-12.24
3789,18073,114,76,4357.76
3790,18074,696,13,489.6
3791,18075,23,153,2538.72
3792,18077,31,227,2747.91
3793,18078,187,29,336.13
3794,18079,45,127,3963.97
3795,18080,18,2,1231.5
3796,18081,112,17,343.45
3797,18082,25,73,951.75
3798,18084,16,2,87.53
3799,18085,330,29,689.95
3800,18086,67,7,101.34
3801,18087,37,7,3770.12
3802,18088,90,39,174.77
3803,18092,1,90,9065.76
3804,18093,31,38,2083.42
3805,18094,81,70,3017.3
3806,18095,38,21,580.05
3807,18096,11,213,1268.74
3808,18097,100,109,2763.65
3809,18099,245,19,168.31
3810,18101,11,41,247.25
3811,18102,11,433,256438.49
3812,18104,301,38,754.64
3813,18105,301,18,113.48
3814,18106,329,39,514.75
3815,18108,219,19,264.65
3816,18109,3,454,8120.07
3817,18110,19,49,341.95
3818,18112,12,26,352.69
3819,18113,545,1,76.32
3820,18114,290,28,220.1
3821,18116,234,378,1483.48
3822,18117,25,74,354.8
3823,18118,10,1284,5757.9
3824,18119,515,30,181.96
3825,18120,95,17,111.15
3826,18121,124,32,721.45
3827,18122,2,364,2059.17
3828,18123,24,36,634.44
3829,18125,59,197,1195.97
3830,18126,60,56,218.65
3831,18127,19,47,363.72
3832,18129,66,14,124.35
3833,18130,15,71,1045.74
3834,18133,4,2,715.5
3835,18135,59,20,686.86
3836,18136,4,39,761.83
3837,18138,295,8,152.65
3838,18139,17,162,8361.54
3839,18141,360,1,-35.4
3840,18142,4,18,1014.9
3841,18143,116,61,1000.16
3842,18144,34,43,2888.75
3843,18145,12,221,2895.98
3844,18146,140,10,160.35
3845,18147,45,7,179.34
3846,18149,36,16,612.08
3847,18150,140,37,566.58
3848,18151,134,38,653.35
3849,18154,43,21,399.19
3850,18155,75,28,347.82
3851,18156,12,140,906.34
3852,18158,0,35,451.75
3853,18159,37,23,530.15
3854,18160,57,39,638.06
3855,18161,10,81,1612.79
3856,18164,120,25,394.7
3857,18165,177,10,302.46
3858,18167,23,43,1355.51
3859,18168,68,140,1168.44
3860,18169,60,9,202.65
3861,18170,112,38,980.31
3862,18171,-1,56,1208.51
3863,18172,4,197,7490.17
3864,18173,67,31,2106.84
3865,18174,300,1,104
3866,18176,353,33,448.65
3867,18177,120,75,1315.27
3868,18178,113,99,1573.41
3869,18179,9,90,1793.17
3870,18180,0,119,1843.75
3871,18181,24,44,444.4
3872,18183,67,44,600.52
3873,18184,15,1,49.8
3874,18185,249,17,304.25
3875,18188,15,72,1998.49
3876,18189,77,69,1084.34
3877,18190,192,16,274.51
3878,18191,261,7,207.8
3879,18192,71,45,957.97
3880,18193,2,18,212.96
3881,18194,82,9,896
3882,18196,214,141,694.13
3883,18198,71,166,5132.56
3884,18200,106,32,193.19
3885,18202,199,68,1396.99
3886,18203,216,19,160.42
3887,18204,71,202,2128.8
3888,18205,74,32,517.36
3889,18209,28,8,139.1
3890,18210,9,134,2621.38
3891,18211,25,42,600.07
3892,18212,326,43,370.47
3893,18213,236,15,232.48
3894,18215,30,13,299.34
3895,18216,120,26,481.75
3896,18217,59,31,621.75
3897,18218,4,24,666.7
3898,18219,43,115,2019.77
3899,18220,226,4,297.78
3900,18221,4,65,1033.31
3901,18222,122,19,443
3902,18223,0,299,6315.23
3903,18224,263,10,158.95
3904,18225,21,286,5396.67
3905,18226,8,245,5192.1
3906,18227,187,5,93.75
3907,18228,50,32,769.2
3908,18229,-1,164,7276.9
3909,18230,9,89,2716.6
3910,18231,192,126,2347.81
3911,18232,81,40,582.47
3912,18233,325,1,440
3913,18235,31,104,1796.48
3914,18236,59,49,882.24
3915,18237,1,61,987.1
3916,18239,218,88,1561.61
3917,18240,46,6,422.58
3918,18241,9,105,2058.09
3919,18242,65,78,2232.49
3920,18245,4,177,2507.56
3921,18246,23,4,596.1
3922,18248,92,49,783.02
3923,18249,17,8,95.34
3924,18250,37,22,342.92
3925,18251,87,16,4314.72
3926,18252,50,98,582.05
3927,18255,30,6,103.3
3928,18256,354,4,-50.1
3929,18257,39,123,2265.38
3930,18259,24,42,2338.6
3931,18260,99,140,2624.7
3932,18261,43,21,324.24
3933,18262,140,13,149.48
3934,18263,23,62,1211.08
3935,18265,72,46,801.51
3936,18268,134,2,0
3937,18269,358,8,138.9
3938,18270,240,13,238.95
3939,18272,2,170,3064.78
3940,18273,150,3,204
3941,18274,17,22,-3.55E-15
3942,18276,21,16,323.36
3943,18277,-1,9,97.63
3944,18278,73,9,173.9
3945,18280,159,10,180.6
3946,18281,3,7,80.82
3947,18282,92,13,176.6
3948,18283,9,756,2329.67
3949,18287,-1,70,2032.88
